report_date,load_weight,Rolling_Mean_7D,Day_of_Week
2003-01-13,10.085,10.085,Monday
2003-01-14,10.085,10.085,Tuesday
2003-01-15,10.085,10.085,Wednesday
2003-01-16,10.085,10.085,Thursday
2003-01-17,10.085,10.085,Friday
2003-01-18,10.085,10.085,Saturday
2003-01-19,10.085,10.085,Sunday
2003-01-20,10.085,10.085,Monday
2003-01-21,10.085,10.085,Tuesday
2003-01-22,10.085,10.085,Wednesday
2003-01-23,10.085,10.085,Thursday
2003-01-24,10.085,10.085,Friday
2003-01-25,10.085,10.085,Saturday
2003-01-26,10.085,10.085,Sunday
2003-01-27,10.085,10.085,Monday
2003-01-28,10.085,10.085,Tuesday
2003-01-29,10.085,10.085,Wednesday
2003-01-30,10.085,10.085,Thursday
2003-01-31,10.085,10.085,Friday
2003-02-01,10.085,10.085,Saturday
2003-02-02,10.085,10.085,Sunday
2003-02-03,10.085,10.085,Monday
2003-02-04,10.085,10.085,Tuesday
2003-02-05,10.085,10.085,Wednesday
2003-02-06,10.085,10.085,Thursday
2003-02-07,10.085,10.085,Friday
2003-02-08,10.085,10.085,Saturday
2003-02-09,10.085,10.085,Sunday
2003-02-10,10.085,10.085,Monday
2003-02-11,10.085,10.085,Tuesday
2003-02-12,10.085,10.085,Wednesday
2003-02-13,10.085,10.085,Thursday
2003-02-14,10.085,10.085,Friday
2003-02-15,10.085,10.085,Saturday
2003-02-16,10.085,10.085,Sunday
2003-02-17,10.085,10.085,Monday
2003-02-18,10.085,10.085,Tuesday
2003-02-19,10.085,10.085,Wednesday
2003-02-20,10.085,10.085,Thursday
2003-02-21,10.085,10.085,Friday
2003-02-22,10.085,10.085,Saturday
2003-02-23,10.085,10.085,Sunday
2003-02-24,10.085,10.085,Monday
2003-02-25,10.085,10.085,Tuesday
2003-02-26,10.085,10.085,Wednesday
2003-02-27,10.085,10.085,Thursday
2003-02-28,10.085,10.085,Friday
2003-03-01,10.085,10.085,Saturday
2003-03-02,10.085,10.085,Sunday
2003-03-03,10.085,10.085,Monday
2003-03-04,10.085,10.085,Tuesday
2003-03-05,10.085,10.085,Wednesday
2003-03-06,10.085,10.085,Thursday
2003-03-07,10.085,10.085,Friday
2003-03-08,10.085,10.085,Saturday
2003-03-09,10.085,10.085,Sunday
2003-03-10,10.085,10.085,Monday
2003-03-11,10.085,10.085,Tuesday
2003-03-12,10.085,10.085,Wednesday
2003-03-13,10.085,10.085,Thursday
2003-03-14,10.085,10.085,Friday
2003-03-15,10.085,10.085,Saturday
2003-03-16,10.085,10.085,Sunday
2003-03-17,10.085,10.085,Monday
2003-03-18,10.085,10.085,Tuesday
2003-03-19,10.085,10.085,Wednesday
2003-03-20,10.085,10.085,Thursday
2003-03-21,10.085,10.085,Friday
2003-03-22,10.085,10.085,Saturday
2003-03-23,10.085,10.085,Sunday
2003-03-24,10.085,10.085,Monday
2003-03-25,10.085,10.085,Tuesday
2003-03-26,10.085,10.085,Wednesday
2003-03-27,10.085,10.085,Thursday
2003-03-28,10.085,10.085,Friday
2003-03-29,10.085,10.085,Saturday
2003-03-30,10.085,10.085,Sunday
2003-03-31,10.085,10.085,Monday
2003-04-01,10.085,10.085,Tuesday
2003-04-02,10.085,10.085,Wednesday
2003-04-03,10.085,10.085,Thursday
2003-04-04,10.085,10.085,Friday
2003-04-05,10.085,10.085,Saturday
2003-04-06,10.085,10.085,Sunday
2003-04-07,10.085,10.085,Monday
2003-04-08,10.085,10.085,Tuesday
2003-04-09,10.085,10.085,Wednesday
2003-04-10,10.085,10.085,Thursday
2003-04-11,10.085,10.085,Friday
2003-04-12,10.085,10.085,Saturday
2003-04-13,10.085,10.085,Sunday
2003-04-14,10.085,10.085,Monday
2003-04-15,10.085,10.085,Tuesday
2003-04-16,10.085,10.085,Wednesday
2003-04-17,10.085,10.085,Thursday
2003-04-18,10.085,10.085,Friday
2003-04-19,10.085,10.085,Saturday
2003-04-20,10.085,10.085,Sunday
2003-04-21,10.085,10.085,Monday
2003-04-22,10.085,10.085,Tuesday
2003-04-23,10.085,10.085,Wednesday
2003-04-24,10.085,10.085,Thursday
2003-04-25,10.085,10.085,Friday
2003-04-26,10.085,10.085,Saturday
2003-04-27,10.085,10.085,Sunday
2003-04-28,10.085,10.085,Monday
2003-04-29,10.085,10.085,Tuesday
2003-04-30,10.085,10.085,Wednesday
2003-05-01,10.085,10.085,Thursday
2003-05-02,10.085,10.085,Friday
2003-05-03,10.085,10.085,Saturday
2003-05-04,10.085,10.085,Sunday
2003-05-05,10.085,10.085,Monday
2003-05-06,10.085,10.085,Tuesday
2003-05-07,10.085,10.085,Wednesday
2003-05-08,10.085,10.085,Thursday
2003-05-09,10.085,10.085,Friday
2003-05-10,10.085,10.085,Saturday
2003-05-11,10.085,10.085,Sunday
2003-05-12,10.085,10.085,Monday
2003-05-13,10.085,10.085,Tuesday
2003-05-14,10.085,10.085,Wednesday
2003-05-15,10.085,10.085,Thursday
2003-05-16,10.085,10.085,Friday
2003-05-17,10.085,10.085,Saturday
2003-05-18,10.085,10.085,Sunday
2003-05-19,10.085,10.085,Monday
2003-05-20,10.085,10.085,Tuesday
2003-05-21,10.085,10.085,Wednesday
2003-05-22,10.085,10.085,Thursday
2003-05-23,10.085,10.085,Friday
2003-05-24,10.085,10.085,Saturday
2003-05-25,10.085,10.085,Sunday
2003-05-26,10.085,10.085,Monday
2003-05-27,10.085,10.085,Tuesday
2003-05-28,10.085,10.085,Wednesday
2003-05-29,10.085,10.085,Thursday
2003-05-30,10.085,10.085,Friday
2003-05-31,10.085,10.085,Saturday
2003-06-01,10.085,10.085,Sunday
2003-06-02,10.085,10.085,Monday
2003-06-03,10.085,10.085,Tuesday
2003-06-04,10.085,10.085,Wednesday
2003-06-05,10.085,10.085,Thursday
2003-06-06,10.085,10.085,Friday
2003-06-07,10.085,10.085,Saturday
2003-06-08,10.085,10.085,Sunday
2003-06-09,10.085,10.085,Monday
2003-06-10,10.085,10.085,Tuesday
2003-06-11,10.085,10.085,Wednesday
2003-06-12,10.085,10.085,Thursday
2003-06-13,10.085,10.085,Friday
2003-06-14,10.085,10.085,Saturday
2003-06-15,10.085,10.085,Sunday
2003-06-16,10.085,10.085,Monday
2003-06-17,10.085,10.085,Tuesday
2003-06-18,10.085,10.085,Wednesday
2003-06-19,10.085,10.085,Thursday
2003-06-20,10.085,10.085,Friday
2003-06-21,10.085,10.085,Saturday
2003-06-22,10.085,10.085,Sunday
2003-06-23,10.085,10.085,Monday
2003-06-24,10.085,10.085,Tuesday
2003-06-25,10.085,10.085,Wednesday
2003-06-26,10.085,10.085,Thursday
2003-06-27,10.085,10.085,Friday
2003-06-28,10.085,10.085,Saturday
2003-06-29,10.085,10.085,Sunday
2003-06-30,10.085,10.085,Monday
2003-07-01,10.085,10.085,Tuesday
2003-07-02,10.085,10.085,Wednesday
2003-07-03,10.085,10.085,Thursday
2003-07-04,10.085,10.085,Friday
2003-07-05,10.085,10.085,Saturday
2003-07-06,10.085,10.085,Sunday
2003-07-07,10.085,10.085,Monday
2003-07-08,10.085,10.085,Tuesday
2003-07-09,10.085,10.085,Wednesday
2003-07-10,10.085,10.085,Thursday
2003-07-11,10.085,10.085,Friday
2003-07-12,10.085,10.085,Saturday
2003-07-13,10.085,10.085,Sunday
2003-07-14,10.085,10.085,Monday
2003-07-15,10.085,10.085,Tuesday
2003-07-16,10.085,10.085,Wednesday
2003-07-17,10.085,10.085,Thursday
2003-07-18,10.085,10.085,Friday
2003-07-19,10.085,10.085,Saturday
2003-07-20,10.085,10.085,Sunday
2003-07-21,10.085,10.085,Monday
2003-07-22,10.085,10.085,Tuesday
2003-07-23,10.085,10.085,Wednesday
2003-07-24,10.085,10.085,Thursday
2003-07-25,10.085,10.085,Friday
2003-07-26,10.085,10.085,Saturday
2003-07-27,10.085,10.085,Sunday
2003-07-28,10.085,10.085,Monday
2003-07-29,10.085,10.085,Tuesday
2003-07-30,10.085,10.085,Wednesday
2003-07-31,10.085,10.085,Thursday
2003-08-01,10.085,10.085,Friday
2003-08-02,10.085,10.085,Saturday
2003-08-03,10.085,10.085,Sunday
2003-08-04,10.085,10.085,Monday
2003-08-05,10.085,10.085,Tuesday
2003-08-06,10.085,10.085,Wednesday
2003-08-07,10.085,10.085,Thursday
2003-08-08,10.085,10.085,Friday
2003-08-09,10.085,10.085,Saturday
2003-08-10,10.085,10.085,Sunday
2003-08-11,10.085,10.085,Monday
2003-08-12,10.085,10.085,Tuesday
2003-08-13,10.085,10.085,Wednesday
2003-08-14,10.085,10.085,Thursday
2003-08-15,10.085,10.085,Friday
2003-08-16,10.085,10.085,Saturday
2003-08-17,10.085,10.085,Sunday
2003-08-18,10.085,10.085,Monday
2003-08-19,10.085,10.085,Tuesday
2003-08-20,10.085,10.085,Wednesday
2003-08-21,10.085,10.085,Thursday
2003-08-22,10.085,10.085,Friday
2003-08-23,10.085,10.085,Saturday
2003-08-24,10.085,10.085,Sunday
2003-08-25,10.085,10.085,Monday
2003-08-26,10.085,10.085,Tuesday
2003-08-27,10.085,10.085,Wednesday
2003-08-28,10.085,10.085,Thursday
2003-08-29,10.085,10.085,Friday
2003-08-30,10.085,10.085,Saturday
2003-08-31,10.085,10.085,Sunday
2003-09-01,10.085,10.085,Monday
2003-09-02,10.085,10.085,Tuesday
2003-09-03,10.085,10.085,Wednesday
2003-09-04,10.085,10.085,Thursday
2003-09-05,10.085,10.085,Friday
2003-09-06,10.085,10.085,Saturday
2003-09-07,10.085,10.085,Sunday
2003-09-08,10.085,10.085,Monday
2003-09-09,10.085,10.085,Tuesday
2003-09-10,10.085,10.085,Wednesday
2003-09-11,10.085,10.085,Thursday
2003-09-12,10.085,10.085,Friday
2003-09-13,10.085,10.085,Saturday
2003-09-14,10.085,10.085,Sunday
2003-09-15,10.085,10.085,Monday
2003-09-16,10.085,10.085,Tuesday
2003-09-17,10.085,10.085,Wednesday
2003-09-18,10.085,10.085,Thursday
2003-09-19,10.085,10.085,Friday
2003-09-20,10.085,10.085,Saturday
2003-09-21,10.085,10.085,Sunday
2003-09-22,10.085,10.085,Monday
2003-09-23,10.085,10.085,Tuesday
2003-09-24,10.085,10.085,Wednesday
2003-09-25,10.085,10.085,Thursday
2003-09-26,10.085,10.085,Friday
2003-09-27,10.085,10.085,Saturday
2003-09-28,10.085,10.085,Sunday
2003-09-29,10.085,10.085,Monday
2003-09-30,10.085,10.085,Tuesday
2003-10-01,10.085,10.085,Wednesday
2003-10-02,10.085,10.085,Thursday
2003-10-03,10.085,10.085,Friday
2003-10-04,10.085,10.085,Saturday
2003-10-05,10.085,10.085,Sunday
2003-10-06,10.085,10.085,Monday
2003-10-07,10.085,10.085,Tuesday
2003-10-08,10.085,10.085,Wednesday
2003-10-09,10.085,10.085,Thursday
2003-10-10,10.085,10.085,Friday
2003-10-11,10.085,10.085,Saturday
2003-10-12,10.085,10.085,Sunday
2003-10-13,10.085,10.085,Monday
2003-10-14,10.085,10.085,Tuesday
2003-10-15,10.085,10.085,Wednesday
2003-10-16,10.085,10.085,Thursday
2003-10-17,10.085,10.085,Friday
2003-10-18,10.085,10.085,Saturday
2003-10-19,10.085,10.085,Sunday
2003-10-20,10.085,10.085,Monday
2003-10-21,10.085,10.085,Tuesday
2003-10-22,10.085,10.085,Wednesday
2003-10-23,10.085,10.085,Thursday
2003-10-24,10.085,10.085,Friday
2003-10-25,10.085,10.085,Saturday
2003-10-26,10.085,10.085,Sunday
2003-10-27,10.085,10.085,Monday
2003-10-28,10.085,10.085,Tuesday
2003-10-29,10.085,10.085,Wednesday
2003-10-30,10.085,10.085,Thursday
2003-10-31,10.085,10.085,Friday
2003-11-01,10.085,10.085,Saturday
2003-11-02,10.085,10.085,Sunday
2003-11-03,10.085,10.085,Monday
2003-11-04,10.085,10.085,Tuesday
2003-11-05,10.085,10.085,Wednesday
2003-11-06,10.085,10.085,Thursday
2003-11-07,10.085,10.085,Friday
2003-11-08,10.085,10.085,Saturday
2003-11-09,10.085,10.085,Sunday
2003-11-10,10.085,10.085,Monday
2003-11-11,10.085,10.085,Tuesday
2003-11-12,10.085,10.085,Wednesday
2003-11-13,10.085,10.085,Thursday
2003-11-14,10.085,10.085,Friday
2003-11-15,10.085,10.085,Saturday
2003-11-16,10.085,10.085,Sunday
2003-11-17,10.085,10.085,Monday
2003-11-18,10.085,10.085,Tuesday
2003-11-19,10.085,10.085,Wednesday
2003-11-20,10.085,10.085,Thursday
2003-11-21,10.085,10.085,Friday
2003-11-22,10.085,10.085,Saturday
2003-11-23,10.085,10.085,Sunday
2003-11-24,10.085,10.085,Monday
2003-11-25,10.085,10.085,Tuesday
2003-11-26,10.085,10.085,Wednesday
2003-11-27,10.085,10.085,Thursday
2003-11-28,10.085,10.085,Friday
2003-11-29,10.085,10.085,Saturday
2003-11-30,10.085,10.085,Sunday
2003-12-01,10.085,10.085,Monday
2003-12-02,10.085,10.085,Tuesday
2003-12-03,10.085,10.085,Wednesday
2003-12-04,10.085,10.085,Thursday
2003-12-05,10.085,10.085,Friday
2003-12-06,10.085,10.085,Saturday
2003-12-07,10.085,10.085,Sunday
2003-12-08,10.085,10.085,Monday
2003-12-09,10.085,10.085,Tuesday
2003-12-10,10.085,10.085,Wednesday
2003-12-11,10.085,10.085,Thursday
2003-12-12,10.085,10.085,Friday
2003-12-13,10.085,10.085,Saturday
2003-12-14,10.085,10.085,Sunday
2003-12-15,10.085,10.085,Monday
2003-12-16,10.085,10.085,Tuesday
2003-12-17,10.085,10.085,Wednesday
2003-12-18,10.085,10.085,Thursday
2003-12-19,10.085,10.085,Friday
2003-12-20,10.085,10.085,Saturday
2003-12-21,10.085,10.085,Sunday
2003-12-22,10.085,10.085,Monday
2003-12-23,10.085,10.085,Tuesday
2003-12-24,10.085,10.085,Wednesday
2003-12-25,10.085,10.085,Thursday
2003-12-26,10.085,10.085,Friday
2003-12-27,10.085,10.085,Saturday
2003-12-28,10.085,10.085,Sunday
2003-12-29,10.085,10.085,Monday
2003-12-30,10.085,10.085,Tuesday
2003-12-31,10.085,10.085,Wednesday
2004-01-01,10.085,10.085,Thursday
2004-01-02,10.085,10.085,Friday
2004-01-03,10.085,10.085,Saturday
2004-01-04,10.085,10.085,Sunday
2004-01-05,10.085,10.085,Monday
2004-01-06,10.085,10.085,Tuesday
2004-01-07,10.085,10.085,Wednesday
2004-01-08,10.085,10.085,Thursday
2004-01-09,10.085,10.085,Friday
2004-01-10,10.085,10.085,Saturday
2004-01-11,10.085,10.085,Sunday
2004-01-12,10.085,10.085,Monday
2004-01-13,10.085,10.085,Tuesday
2004-01-14,10.085,10.085,Wednesday
2004-01-15,10.085,10.085,Thursday
2004-01-16,10.085,10.085,Friday
2004-01-17,10.085,10.085,Saturday
2004-01-18,10.085,10.085,Sunday
2004-01-19,10.085,10.085,Monday
2004-01-20,10.085,10.085,Tuesday
2004-01-21,10.085,10.085,Wednesday
2004-01-22,10.085,10.085,Thursday
2004-01-23,10.085,10.085,Friday
2004-01-24,10.085,10.085,Saturday
2004-01-25,10.085,10.085,Sunday
2004-01-26,10.085,10.085,Monday
2004-01-27,10.085,10.085,Tuesday
2004-01-28,10.085,10.085,Wednesday
2004-01-29,10.085,10.085,Thursday
2004-01-30,10.085,10.085,Friday
2004-01-31,10.085,10.085,Saturday
2004-02-01,10.085,10.085,Sunday
2004-02-02,10.085,10.085,Monday
2004-02-03,10.085,10.085,Tuesday
2004-02-04,10.085,10.085,Wednesday
2004-02-05,10.085,10.085,Thursday
2004-02-06,10.085,10.085,Friday
2004-02-07,10.085,10.085,Saturday
2004-02-08,10.085,10.085,Sunday
2004-02-09,10.085,10.085,Monday
2004-02-10,10.085,10.085,Tuesday
2004-02-11,10.085,10.085,Wednesday
2004-02-12,10.085,10.085,Thursday
2004-02-13,10.085,10.085,Friday
2004-02-14,10.085,10.085,Saturday
2004-02-15,10.085,10.085,Sunday
2004-02-16,10.085,10.085,Monday
2004-02-17,10.085,10.085,Tuesday
2004-02-18,10.085,10.085,Wednesday
2004-02-19,10.085,10.085,Thursday
2004-02-20,10.085,10.085,Friday
2004-02-21,10.085,10.085,Saturday
2004-02-22,10.085,10.085,Sunday
2004-02-23,10.085,10.085,Monday
2004-02-24,10.085,10.085,Tuesday
2004-02-25,10.085,10.085,Wednesday
2004-02-26,10.085,10.085,Thursday
2004-02-27,10.085,10.085,Friday
2004-02-28,10.085,10.085,Saturday
2004-02-29,10.085,10.085,Sunday
2004-03-01,10.085,10.085,Monday
2004-03-02,10.085,10.085,Tuesday
2004-03-03,10.085,10.085,Wednesday
2004-03-04,10.085,10.085,Thursday
2004-03-05,10.085,10.085,Friday
2004-03-06,10.085,10.085,Saturday
2004-03-07,10.085,10.085,Sunday
2004-03-08,10.085,10.085,Monday
2004-03-09,10.085,10.085,Tuesday
2004-03-10,10.085,10.085,Wednesday
2004-03-11,10.085,10.085,Thursday
2004-03-12,10.085,10.085,Friday
2004-03-13,10.085,10.085,Saturday
2004-03-14,10.085,10.085,Sunday
2004-03-15,10.085,10.085,Monday
2004-03-16,10.085,10.085,Tuesday
2004-03-17,10.085,10.085,Wednesday
2004-03-18,10.085,10.085,Thursday
2004-03-19,10.085,10.085,Friday
2004-03-20,10.085,10.085,Saturday
2004-03-21,10.085,10.085,Sunday
2004-03-22,10.085,10.085,Monday
2004-03-23,10.085,10.085,Tuesday
2004-03-24,10.085,10.085,Wednesday
2004-03-25,10.085,10.085,Thursday
2004-03-26,10.085,10.085,Friday
2004-03-27,10.085,10.085,Saturday
2004-03-28,10.085,10.085,Sunday
2004-03-29,10.085,10.085,Monday
2004-03-30,10.085,10.085,Tuesday
2004-03-31,10.085,10.085,Wednesday
2004-04-01,10.085,10.085,Thursday
2004-04-02,10.085,10.085,Friday
2004-04-03,10.085,10.085,Saturday
2004-04-04,10.085,10.085,Sunday
2004-04-05,10.085,10.085,Monday
2004-04-06,10.085,10.085,Tuesday
2004-04-07,10.085,10.085,Wednesday
2004-04-08,10.085,10.085,Thursday
2004-04-09,10.085,10.085,Friday
2004-04-10,10.085,10.085,Saturday
2004-04-11,10.085,10.085,Sunday
2004-04-12,10.085,10.085,Monday
2004-04-13,10.085,10.085,Tuesday
2004-04-14,10.085,10.085,Wednesday
2004-04-15,10.085,10.085,Thursday
2004-04-16,10.085,10.085,Friday
2004-04-17,10.085,10.085,Saturday
2004-04-18,10.085,10.085,Sunday
2004-04-19,10.085,10.085,Monday
2004-04-20,10.085,10.085,Tuesday
2004-04-21,10.085,10.085,Wednesday
2004-04-22,10.085,10.085,Thursday
2004-04-23,10.085,10.085,Friday
2004-04-24,10.085,10.085,Saturday
2004-04-25,10.085,10.085,Sunday
2004-04-26,10.085,10.085,Monday
2004-04-27,10.085,10.085,Tuesday
2004-04-28,10.085,10.085,Wednesday
2004-04-29,10.085,10.085,Thursday
2004-04-30,10.085,10.085,Friday
2004-05-01,10.085,10.085,Saturday
2004-05-02,10.085,10.085,Sunday
2004-05-03,10.085,10.085,Monday
2004-05-04,10.085,10.085,Tuesday
2004-05-05,10.085,10.085,Wednesday
2004-05-06,10.085,10.085,Thursday
2004-05-07,10.085,10.085,Friday
2004-05-08,10.085,10.085,Saturday
2004-05-09,10.085,10.085,Sunday
2004-05-10,10.085,10.085,Monday
2004-05-11,10.085,10.085,Tuesday
2004-05-12,10.085,10.085,Wednesday
2004-05-13,10.085,10.085,Thursday
2004-05-14,10.085,10.085,Friday
2004-05-15,10.085,10.085,Saturday
2004-05-16,10.085,10.085,Sunday
2004-05-17,10.085,10.085,Monday
2004-05-18,10.085,10.085,Tuesday
2004-05-19,10.085,10.085,Wednesday
2004-05-20,10.085,10.085,Thursday
2004-05-21,10.085,10.085,Friday
2004-05-22,10.085,10.085,Saturday
2004-05-23,10.085,10.085,Sunday
2004-05-24,10.085,10.085,Monday
2004-05-25,10.085,10.085,Tuesday
2004-05-26,10.085,10.085,Wednesday
2004-05-27,10.085,10.085,Thursday
2004-05-28,10.085,10.085,Friday
2004-05-29,10.085,10.085,Saturday
2004-05-30,10.085,10.085,Sunday
2004-05-31,10.085,10.085,Monday
2004-06-01,10.085,10.085,Tuesday
2004-06-02,10.085,10.085,Wednesday
2004-06-03,10.085,10.085,Thursday
2004-06-04,10.085,10.085,Friday
2004-06-05,10.085,10.085,Saturday
2004-06-06,10.085,10.085,Sunday
2004-06-07,10.085,10.085,Monday
2004-06-08,10.085,10.085,Tuesday
2004-06-09,10.085,10.085,Wednesday
2004-06-10,10.085,10.085,Thursday
2004-06-11,10.085,10.085,Friday
2004-06-12,10.085,10.085,Saturday
2004-06-13,10.085,10.085,Sunday
2004-06-14,10.085,10.085,Monday
2004-06-15,10.085,10.085,Tuesday
2004-06-16,10.085,10.085,Wednesday
2004-06-17,10.085,10.085,Thursday
2004-06-18,10.085,10.085,Friday
2004-06-19,10.085,10.085,Saturday
2004-06-20,10.085,10.085,Sunday
2004-06-21,10.085,10.085,Monday
2004-06-22,10.085,10.085,Tuesday
2004-06-23,10.085,10.085,Wednesday
2004-06-24,10.085,10.085,Thursday
2004-06-25,10.085,10.085,Friday
2004-06-26,10.085,10.085,Saturday
2004-06-27,10.085,10.085,Sunday
2004-06-28,10.085,10.085,Monday
2004-06-29,10.085,10.085,Tuesday
2004-06-30,10.085,10.085,Wednesday
2004-07-01,10.085,10.085,Thursday
2004-07-02,10.085,10.085,Friday
2004-07-03,10.085,10.085,Saturday
2004-07-04,10.085,10.085,Sunday
2004-07-05,10.085,10.085,Monday
2004-07-06,10.085,10.085,Tuesday
2004-07-07,10.085,10.085,Wednesday
2004-07-08,10.085,10.085,Thursday
2004-07-09,10.085,10.085,Friday
2004-07-10,10.085,10.085,Saturday
2004-07-11,10.085,10.085,Sunday
2004-07-12,10.085,10.085,Monday
2004-07-13,10.085,10.085,Tuesday
2004-07-14,10.085,10.085,Wednesday
2004-07-15,10.085,10.085,Thursday
2004-07-16,10.085,10.085,Friday
2004-07-17,10.085,10.085,Saturday
2004-07-18,10.085,10.085,Sunday
2004-07-19,10.085,10.085,Monday
2004-07-20,10.085,10.085,Tuesday
2004-07-21,10.085,10.085,Wednesday
2004-07-22,10.085,10.085,Thursday
2004-07-23,10.085,10.085,Friday
2004-07-24,10.085,10.085,Saturday
2004-07-25,10.085,10.085,Sunday
2004-07-26,10.085,10.085,Monday
2004-07-27,10.085,10.085,Tuesday
2004-07-28,10.085,10.085,Wednesday
2004-07-29,10.085,10.085,Thursday
2004-07-30,10.085,10.085,Friday
2004-07-31,10.085,10.085,Saturday
2004-08-01,10.085,10.085,Sunday
2004-08-02,10.085,10.085,Monday
2004-08-03,10.085,10.085,Tuesday
2004-08-04,10.085,10.085,Wednesday
2004-08-05,10.085,10.085,Thursday
2004-08-06,10.085,10.085,Friday
2004-08-07,10.085,10.085,Saturday
2004-08-08,10.085,10.085,Sunday
2004-08-09,10.085,10.085,Monday
2004-08-10,10.085,10.085,Tuesday
2004-08-11,10.085,10.085,Wednesday
2004-08-12,10.085,10.085,Thursday
2004-08-13,10.085,10.085,Friday
2004-08-14,10.085,10.085,Saturday
2004-08-15,10.085,10.085,Sunday
2004-08-16,10.085,10.085,Monday
2004-08-17,10.085,10.085,Tuesday
2004-08-18,10.085,10.085,Wednesday
2004-08-19,10.085,10.085,Thursday
2004-08-20,10.085,10.085,Friday
2004-08-21,10.085,10.085,Saturday
2004-08-22,10.085,10.085,Sunday
2004-08-23,10.085,10.085,Monday
2004-08-24,10.085,10.085,Tuesday
2004-08-25,69.57000000000001,18.582857142857144,Wednesday
2004-08-26,30.740000000000002,21.53357142857143,Thursday
2004-08-27,30.740000000000002,24.484285714285722,Friday
2004-08-28,30.740000000000002,27.435000000000002,Saturday
2004-08-29,30.740000000000002,30.38571428571429,Sunday
2004-08-30,6.58,29.885,Monday
2004-08-31,6.58,29.384285714285713,Tuesday
2004-09-01,6.58,20.38571428571429,Wednesday
2004-09-02,6.58,16.934285714285714,Thursday
2004-09-03,6.58,13.482857142857144,Friday
2004-09-04,6.58,10.031428571428572,Saturday
2004-09-05,6.58,6.58,Sunday
2004-09-06,6.58,6.58,Monday
2004-09-07,6.58,6.58,Tuesday
2004-09-08,6.58,6.58,Wednesday
2004-09-09,6.58,6.58,Thursday
2004-09-10,6.58,6.58,Friday
2004-09-11,6.58,6.58,Saturday
2004-09-12,6.58,6.58,Sunday
2004-09-13,6.58,6.58,Monday
2004-09-14,6.58,6.58,Tuesday
2004-09-15,6.58,6.58,Wednesday
2004-09-16,6.58,6.58,Thursday
2004-09-17,6.58,6.58,Friday
2004-09-18,6.58,6.58,Saturday
2004-09-19,6.58,6.58,Sunday
2004-09-20,6.58,6.58,Monday
2004-09-21,6.58,6.58,Tuesday
2004-09-22,6.58,6.58,Wednesday
2004-09-23,6.58,6.58,Thursday
2004-09-24,6.58,6.58,Friday
2004-09-25,6.58,6.58,Saturday
2004-09-26,6.58,6.58,Sunday
2004-09-27,6.58,6.58,Monday
2004-09-28,60.37,14.264285714285714,Tuesday
2004-09-29,51.300000000000004,20.65285714285714,Wednesday
2004-09-30,67.26,29.321428571428573,Thursday
2004-10-01,444.1645,91.83349999999999,Friday
2004-10-02,0.22,90.92492857142857,Saturday
2004-10-03,0.0,89.98492857142857,Sunday
2004-10-04,755.1015,196.91657142857142,Monday
2004-10-05,782.302,300.0497142857143,Tuesday
2004-10-06,686.255,390.7575714285714,Wednesday
2004-10-07,698.65,480.9561428571429,Thursday
2004-10-08,615.29,505.40264285714284,Friday
2004-10-09,3.79,505.9126428571429,Saturday
2004-10-10,3.79,506.4540714285714,Sunday
2004-10-11,753.1,506.16814285714287,Monday
2004-10-12,768.025,504.12857142857143,Tuesday
2004-10-13,690.506,504.7358571428571,Wednesday
2004-10-14,723.1505,508.2359285714286,Thursday
2004-10-15,737.5525,525.702,Friday
2004-10-16,1.69,525.4019999999999,Saturday
2004-10-17,0.0,524.8605714285715,Sunday
2004-10-18,806.15,532.4391428571429,Monday
2004-10-19,723.033,526.0117142857142,Tuesday
2004-10-20,704.381,527.9938571428572,Wednesday
2004-10-21,697.305,524.3016428571428,Thursday
2004-10-22,628.03,508.6555714285714,Friday
2004-10-23,0.46,508.47985714285716,Saturday
2004-10-24,0.46,508.5455714285714,Sunday
2004-10-25,755.37,501.29128571428566,Monday
2004-10-26,759.16,506.4522857142857,Tuesday
2004-10-27,708.411,507.0279999999999,Wednesday
2004-10-28,746.02,513.9872857142857,Thursday
2004-10-29,680.8585,521.5342142857143,Friday
2004-10-30,2.79,521.8670714285714,Saturday
2004-10-31,0.0,521.8013571428571,Sunday
2004-11-01,802.817,528.5795,Monday
2004-11-02,852.8875,541.9691428571429,Tuesday
2004-11-03,739.2,546.3675714285715,Wednesday
2004-11-04,793.5,553.1504285714286,Thursday
2004-11-05,725.1,559.4706428571428,Friday
2004-11-06,4.77,559.7535,Saturday
2004-11-07,0.0,559.7535,Sunday
2004-11-08,806.3,560.2510714285714,Monday
2004-11-09,785.02,550.5557142857143,Tuesday
2004-11-10,729.41,549.1571428571428,Wednesday
2004-11-11,706.4304999999999,536.7186428571429,Thursday
2004-11-12,654.365,526.6136428571428,Friday
2004-11-13,3.7300000000000004,526.4650714285714,Saturday
2004-11-14,0.0,526.4650714285714,Sunday
2004-11-15,666.56,506.5022142857143,Monday
2004-11-16,676.5,490.99935714285715,Tuesday
2004-11-17,631.89,477.0679285714285,Wednesday
2004-11-18,657.54,470.0835714285714,Thursday
2004-11-19,658.91,470.73285714285714,Friday
2004-11-20,6.56,471.13714285714286,Saturday
2004-11-21,0.0,471.13714285714286,Sunday
2004-11-22,764.94,485.1914285714286,Monday
2004-11-23,796.24,502.29714285714283,Tuesday
2004-11-24,726.1355,515.7607857142857,Wednesday
2004-11-25,167.56,445.7636428571428,Thursday
2004-11-26,608.8525,438.61257142857136,Friday
2004-11-27,650.554,530.6117142857142,Saturday
2004-11-28,0.0,530.6117142857142,Sunday
2004-11-29,1030.0125,568.4792142857143,Monday
2004-11-30,1014.0875,599.6002857142857,Tuesday
2004-12-01,876.64,621.1009285714287,Wednesday
2004-12-02,886.81,723.8509285714287,Thursday
2004-12-03,801.5,751.3720000000001,Friday
2004-12-04,6.845000000000001,659.4135714285715,Saturday
2004-12-05,0.0,659.4135714285715,Sunday
2004-12-06,822.2965,629.7398571428572,Monday
2004-12-07,848.14,606.0330714285714,Tuesday
2004-12-08,732.89,585.4973571428571,Wednesday
2004-12-09,798.4885,572.88,Thursday
2004-12-10,722.605,561.6092857142858,Friday
2004-12-11,3.0999999999999996,561.0742857142858,Saturday
2004-12-12,0.0,561.0742857142858,Sunday
2004-12-13,806.419,558.8060714285714,Monday
2004-12-14,923.025,569.5039285714286,Tuesday
2004-12-15,736.34,569.9967857142857,Wednesday
2004-12-16,778.24,567.1041428571428,Thursday
2004-12-17,859.9625,586.7266428571428,Friday
2004-12-18,3.27,586.7509285714286,Saturday
2004-12-19,0.0,586.7509285714286,Sunday
2004-12-20,740.57,577.3439285714286,Monday
2004-12-21,782.4475,557.2614285714286,Tuesday
2004-12-22,686.92,550.2014285714286,Wednesday
2004-12-23,704.16,539.6185714285714,Thursday
2004-12-24,583.844,500.1730714285714,Friday
2004-12-25,583.844,583.1122142857142,Saturday
2004-12-26,0.0,583.1122142857142,Sunday
2004-12-27,720.11,580.1893571428571,Monday
2004-12-28,751.6165,575.7849285714285,Tuesday
2004-12-29,744.947,584.0745,Wednesday
2004-12-30,808.435,598.9709285714287,Thursday
2004-12-31,735.34,620.6132142857142,Friday
2005-01-01,735.34,642.2555,Saturday
2005-01-02,0.0,642.2555,Sunday
2005-01-03,946.482,674.5943571428571,Monday
2005-01-04,880.1475,692.9559285714286,Tuesday
2005-01-05,877.14,711.8406428571428,Wednesday
2005-01-06,876.448,721.5567857142858,Thursday
2005-01-07,714.4375,718.5707142857143,Friday
2005-01-08,11.649999999999999,615.1864285714286,Saturday
2005-01-09,0.0,615.1864285714286,Sunday
2005-01-10,953.075,616.1282857142858,Monday
2005-01-11,897.961,618.6730714285713,Tuesday
2005-01-12,821.047,610.6597857142858,Wednesday
2005-01-13,874.7139999999999,610.4120714285715,Thursday
2005-01-14,732.707,613.022,Friday
2005-01-15,7.430000000000001,612.4191428571428,Saturday
2005-01-16,0.0,612.4191428571428,Sunday
2005-01-17,631.5525,566.4873571428571,Monday
2005-01-18,761.054,546.9292142857142,Tuesday
2005-01-19,744.115,535.9389285714285,Wednesday
2005-01-20,693.7595,510.0882857142857,Thursday
2005-01-21,662.4025,500.04478571428575,Friday
2005-01-22,2.59,499.3533571428571,Saturday
2005-01-23,0.0,499.3533571428571,Sunday
2005-01-24,784.255,521.168,Monday
2005-01-25,778.065,523.5981428571429,Tuesday
2005-01-26,638.1025,508.4535,Wednesday
2005-01-27,699.683,509.2997142857143,Thursday
2005-01-28,645.7125,506.91542857142855,Friday
2005-01-29,2.9899999999999998,506.9725714285714,Saturday
2005-01-30,0.0,506.9725714285714,Sunday
2005-01-31,724.304,498.4081428571429,Monday
2005-02-01,668.4775,482.7527857142857,Tuesday
2005-02-02,642.3965,483.3662142857143,Wednesday
2005-02-03,677.7,480.22578571428573,Thursday
2005-02-04,605.5,474.48114285714286,Friday
2005-02-05,4.07,474.63542857142863,Saturday
2005-02-06,0.0,474.63542857142863,Sunday
2005-02-07,764.7115,480.4079285714286,Monday
2005-02-08,811.873,500.89300000000003,Tuesday
2005-02-09,643.7875,501.0917142857143,Wednesday
2005-02-10,711.0785,505.8600714285714,Thursday
2005-02-11,613.694,507.0306428571429,Friday
2005-02-12,1.71,506.6935,Saturday
2005-02-13,0.0,506.6935,Sunday
2005-02-14,741.32,503.35185714285717,Monday
2005-02-15,713.267,489.2652857142857,Tuesday
2005-02-16,644.705,489.3963571428572,Wednesday
2005-02-17,758.63,496.18942857142855,Thursday
2005-02-18,512.716,481.764,Friday
2005-02-19,6.15,482.3982857142857,Saturday
2005-02-20,0.0,482.3982857142857,Sunday
2005-02-21,671.75,472.45971428571426,Monday
2005-02-22,758.534,478.9264285714286,Tuesday
2005-02-23,711.9535,488.53335714285714,Wednesday
2005-02-24,764.5885,489.3845714285714,Thursday
2005-02-25,648.6675,508.80621428571425,Friday
2005-02-26,0.44,507.9905,Saturday
2005-02-27,0.0,507.9905,Sunday
2005-02-28,699.6659999999999,511.97850000000005,Monday
2005-03-01,773.35,514.0950714285715,Tuesday
2005-03-02,716.9445,514.8080714285715,Wednesday
2005-03-03,740.1825,511.3215,Thursday
2005-03-04,682.4075,516.1415,Friday
2005-03-05,0.37,516.1315,Saturday
2005-03-06,0.0,516.1315,Sunday
2005-03-07,779.2,527.4935,Monday
2005-03-08,778.4825,528.2267142857143,Tuesday
2005-03-09,793.067,539.1013571428572,Wednesday
2005-03-10,829.521,551.8639999999999,Thursday
2005-03-11,698.3475,554.1411428571429,Friday
2005-03-12,2.31,554.4182857142857,Saturday
2005-03-13,0.0,554.4182857142857,Sunday
2005-03-14,974.474,582.3145714285714,Monday
2005-03-15,906.119,600.5483571428571,Tuesday
2005-03-16,892.6,614.7673571428571,Wednesday
2005-03-17,849.604,617.6363571428572,Thursday
2005-03-18,736.3855,623.0703571428572,Friday
2005-03-19,4.49,623.3817857142857,Saturday
2005-03-20,0.0,623.3817857142857,Sunday
2005-03-21,963.586,621.8263571428571,Monday
2005-03-22,931.7425,625.4868571428572,Tuesday
2005-03-23,974.386,637.1705714285715,Wednesday
2005-03-24,916.6345,646.7463571428572,Thursday
2005-03-25,819.3525,658.5987857142857,Friday
2005-03-26,3.0500000000000003,658.3930714285715,Saturday
2005-03-27,0.0,658.3930714285715,Sunday
2005-03-28,859.7225,643.5554285714286,Monday
2005-03-29,901.1800000000001,639.1893571428571,Tuesday
2005-03-30,933.632,633.3673571428571,Wednesday
2005-03-31,1146.799,666.2479999999999,Thursday
2005-04-01,935.9465,682.9042857142857,Friday
2005-04-02,8.09,683.6242857142857,Saturday
2005-04-03,0.0,683.6242857142857,Sunday
2005-04-04,950.4285,696.5822857142857,Monday
2005-04-05,969.9399999999999,706.4051428571429,Tuesday
2005-04-06,949.196,708.6285714285714,Wednesday
2005-04-07,1026.732,691.4761428571429,Thursday
2005-04-08,879.921,683.4725,Friday
2005-04-09,6.24,683.2082142857142,Saturday
2005-04-10,0.0,683.2082142857142,Sunday
2005-04-11,908.59,677.2312857142857,Monday
2005-04-12,927.5825,671.1802142857143,Tuesday
2005-04-13,894.7035,663.3955714285714,Wednesday
2005-04-14,898.3505,645.0553571428571,Thursday
2005-04-15,813.444,635.5586428571429,Friday
2005-04-16,1.1099999999999999,634.8257857142856,Saturday
2005-04-17,0.0,634.8257857142856,Sunday
2005-04-18,891.1325,632.3318571428572,Monday
2005-04-19,886.9425,626.5261428571429,Tuesday
2005-04-20,864.6425,622.2317142857144,Wednesday
2005-04-21,899.661,622.4189285714285,Thursday
2005-04-22,742.297,612.2550714285715,Friday
2005-04-23,8.959999999999999,613.3765,Saturday
2005-04-24,0.0,613.3765,Sunday
2005-04-25,846.64,607.0204285714286,Monday
2005-04-26,838.335,600.0765,Tuesday
2005-04-27,858.51,599.2004285714286,Wednesday
2005-04-28,880.028,596.3957142857143,Thursday
2005-04-29,743.1725,596.5207857142857,Friday
2005-04-30,2.41,595.5850714285715,Saturday
2005-05-01,0.0,595.5850714285715,Sunday
2005-05-02,889.1525,601.6582857142857,Monday
2005-05-03,815.5275,598.4000714285714,Tuesday
2005-05-04,791.417,588.8153571428571,Wednesday
2005-05-05,806.0315,578.2444285714286,Thursday
2005-05-06,721.5575,575.1565714285714,Friday
2005-05-07,0.42,574.8722857142858,Saturday
2005-05-08,0.0,574.8722857142858,Sunday
2005-05-09,795.795,561.5355,Monday
2005-05-10,779.475,556.3851428571428,Tuesday
2005-05-11,756.4415,551.3886428571428,Wednesday
2005-05-12,788.52,548.887,Thursday
2005-05-13,707.7915,546.9204285714286,Friday
2005-05-14,0.28,546.9004285714285,Saturday
2005-05-15,0.0,546.9004285714285,Sunday
2005-05-16,873.2,557.9582857142857,Monday
2005-05-17,848.0635,567.7566428571429,Tuesday
2005-05-18,815.5035,576.1940714285714,Wednesday
2005-05-19,797.458,577.4709285714285,Thursday
2005-05-20,784.08,588.3692857142858,Friday
2005-05-21,18.82,591.0178571428571,Saturday
2005-05-22,0.0,591.0178571428571,Sunday
2005-05-23,802.71,580.9478571428571,Monday
2005-05-24,764.5,569.0102142857143,Tuesday
2005-05-25,756.495,560.5804285714286,Wednesday
2005-05-26,739.86,552.3521428571429,Thursday
2005-05-27,675.774,536.8798571428572,Friday
2005-05-28,0.37,534.244142857143,Saturday
2005-05-29,0.0,534.244142857143,Sunday
2005-05-30,603.0525,505.72164285714285,Monday
2005-05-31,772.005,506.7937857142857,Tuesday
2005-06-01,792.87,511.9902142857142,Wednesday
2005-06-02,796.39,520.0659285714286,Thursday
2005-06-03,724.42,527.015357142857,Friday
2005-06-04,2.2199999999999998,527.2796428571429,Saturday
2005-06-05,0.0,527.2796428571429,Sunday
2005-06-06,1030.82,588.3892857142857,Monday
2005-06-07,834.23,597.2785714285714,Tuesday
2005-06-08,861.0255,607.0150714285713,Wednesday
2005-06-09,820.795,610.5015,Thursday
2005-06-10,700.1115,607.0288571428572,Friday
2005-06-11,3.5,607.2117142857143,Saturday
2005-06-12,0.0,607.2117142857143,Sunday
2005-06-13,839.282,579.8491428571429,Monday
2005-06-14,781.524,572.3197142857142,Tuesday
2005-06-15,763.5425,558.3935714285714,Wednesday
2005-06-16,762.801,550.1087142857143,Thursday
2005-06-17,676.3475,546.7138571428571,Friday
2005-06-18,3.0300000000000002,546.6467142857143,Saturday
2005-06-19,0.0,546.6467142857143,Sunday
2005-06-20,778.39,537.9478571428572,Monday
2005-06-21,708.3225,527.4905,Tuesday
2005-06-22,720.54,521.3472857142857,Wednesday
2005-06-23,733.757,517.1981428571429,Thursday
2005-06-24,623.91,509.7070714285714,Friday
2005-06-25,7.91,510.40421428571426,Saturday
2005-06-26,0.0,510.40421428571426,Sunday
2005-06-27,803.64,514.0113571428572,Monday
2005-06-28,765.535,522.1845714285714,Tuesday
2005-06-29,760.585,527.9052857142857,Wednesday
2005-06-30,731.2795,527.5513571428571,Thursday
2005-07-01,648.9225,531.1245714285714,Friday
2005-07-02,4.01,530.5674285714286,Saturday
2005-07-03,0.0,530.5674285714286,Sunday
2005-07-04,517.68,489.716,Monday
2005-07-05,657.84,474.331,Tuesday
2005-07-06,704.084,466.25942857142854,Wednesday
2005-07-07,712.571,463.5867857142857,Thursday
2005-07-08,612.2415,458.34664285714285,Friday
2005-07-09,0.73,457.8780714285714,Saturday
2005-07-10,0.0,457.8780714285714,Sunday
2005-07-11,849.3605,505.261,Monday
2005-07-12,805.8475,526.4049285714285,Tuesday
2005-07-13,714.295,527.8636428571428,Wednesday
2005-07-14,718.269,528.6776428571428,Thursday
2005-07-15,658.0525,535.2220714285714,Friday
2005-07-16,4.194,535.7169285714286,Saturday
2005-07-17,0.0,535.7169285714286,Sunday
2005-07-18,795.3,527.994,Monday
2005-07-19,714.63,514.9629285714285,Tuesday
2005-07-20,711.7605,514.6008571428571,Wednesday
2005-07-21,691.73,510.8095714285714,Thursday
2005-07-22,641.1165,508.39014285714285,Friday
2005-07-23,0.43,507.8524285714285,Saturday
2005-07-24,0.0,507.8524285714285,Sunday
2005-07-25,841.902,514.5098571428572,Monday
2005-07-26,772.4405,522.7685,Tuesday
2005-07-27,743.84,527.3512857142857,Wednesday
2005-07-28,743.142,534.6958571428571,Thursday
2005-07-29,665.0,538.1077857142857,Friday
2005-07-30,0.17,538.0706428571428,Saturday
2005-07-31,0.0,538.0706428571428,Sunday
2005-08-01,840.657,537.8927857142857,Monday
2005-08-02,741.27,533.4398571428571,Tuesday
2005-08-03,736.8205,532.4370714285714,Wednesday
2005-08-04,737.106,531.5747857142858,Thursday
2005-08-05,755.115,544.4483571428572,Friday
2005-08-06,0.38,544.4783571428571,Saturday
2005-08-07,0.0,544.4783571428571,Sunday
2005-08-08,824.1575,542.1212857142857,Monday
2005-08-09,729.1275,540.3866428571429,Tuesday
2005-08-10,771.475,545.3372857142857,Wednesday
2005-08-11,746.4775,546.6760714285714,Thursday
2005-08-12,718.066,541.3833571428571,Friday
2005-08-13,7.0600000000000005,542.3376428571429,Saturday
2005-08-14,0.0,542.3376428571429,Sunday
2005-08-15,826.14,542.6208571428572,Monday
2005-08-16,791.67,551.5555,Tuesday
2005-08-17,778.615,552.5754999999999,Wednesday
2005-08-18,704.98,546.6472857142857,Thursday
2005-08-19,692.7555,543.0314999999999,Friday
2005-08-20,4.92,542.7257857142857,Saturday
2005-08-21,0.0,542.7257857142857,Sunday
2005-08-22,828.82,543.1086428571429,Monday
2005-08-23,748.28,536.9100714285714,Tuesday
2005-08-24,760.8905,534.378,Wednesday
2005-08-25,762.841,542.6438571428572,Thursday
2005-08-26,616.822,531.7962142857143,Friday
2005-08-27,6.0600000000000005,531.9590714285714,Saturday
2005-08-28,0.0,531.9590714285714,Sunday
2005-08-29,790.15,526.4347857142858,Monday
2005-08-30,717.805,522.0812142857143,Tuesday
2005-08-31,716.65,515.7611428571429,Wednesday
2005-09-01,775.22,517.5295714285714,Thursday
2005-09-02,649.316,522.1715714285714,Friday
2005-09-03,1.74,521.5544285714285,Saturday
2005-09-04,0.0,521.5544285714285,Sunday
2005-09-05,601.8365,494.65250000000003,Monday
2005-09-06,717.47,494.6046428571429,Tuesday
2005-09-07,745.66,498.74892857142856,Wednesday
2005-09-08,723.53,491.3646428571429,Thursday
2005-09-09,683.2675,496.2148571428571,Friday
2005-09-10,3.8800000000000003,496.5205714285715,Saturday
2005-09-11,0.0,496.5205714285715,Sunday
2005-09-12,892.55,538.0510714285714,Monday
2005-09-13,751.1575,542.8635714285714,Tuesday
2005-09-14,714.2815,538.3809285714286,Wednesday
2005-09-15,693.1,534.0337857142857,Thursday
2005-09-16,650.8625,529.4045,Friday
2005-09-17,1.17,529.0173571428571,Saturday
2005-09-18,0.0,529.0173571428571,Sunday
2005-09-19,822.935,519.0723571428572,Monday
2005-09-20,755.067,519.630857142857,Tuesday
2005-09-21,844.7775,538.2731428571428,Wednesday
2005-09-22,731.4,543.7445714285715,Thursday
2005-09-23,641.451,542.4000714285714,Friday
2005-09-24,3.57,542.7429285714286,Saturday
2005-09-25,0.0,542.7429285714286,Sunday
2005-09-26,770.8,535.2950714285714,Monday
2005-09-27,764.3235,536.6174285714286,Tuesday
2005-09-28,685.9425,513.9267142857143,Wednesday
2005-09-29,708.665,510.6788571428571,Thursday
2005-09-30,635.69,509.85585714285713,Friday
2005-10-01,1.19,509.5158571428572,Saturday
2005-10-02,0.0,509.5158571428572,Sunday
2005-10-03,772.714,509.7892857142857,Monday
2005-10-04,708.161,501.7660714285715,Tuesday
2005-10-05,676.5125,500.4189285714286,Wednesday
2005-10-06,733.724,503.9987857142857,Thursday
2005-10-07,619.7,501.71450000000004,Friday
2005-10-08,2.8099999999999996,501.9459285714286,Saturday
2005-10-09,0.0,501.9459285714286,Sunday
2005-10-10,812.41,507.61678571428575,Monday
2005-10-11,798.05,520.4580714285714,Tuesday
2005-10-12,671.75,519.7777142857143,Wednesday
2005-10-13,749.658,522.054,Thursday
2005-10-14,632.95,523.9468571428572,Friday
2005-10-15,13.790000000000001,525.5154285714285,Saturday
2005-10-16,0.0,525.5154285714285,Sunday
2005-10-17,787.644,521.9774285714285,Monday
2005-10-18,740.2145,513.7152142857143,Tuesday
2005-10-19,687.71,515.9952142857144,Wednesday
2005-10-20,717.4,511.38692857142854,Thursday
2005-10-21,668.8185,516.5110000000001,Friday
2005-10-22,2.87,514.951,Saturday
2005-10-23,0.0,514.951,Sunday
2005-10-24,725.8775,506.1272142857143,Monday
2005-10-25,717.565,502.89157142857147,Tuesday
2005-10-26,692.555,503.5837142857143,Wednesday
2005-10-27,698.8875,500.9390714285715,Thursday
2005-10-28,638.8125,496.65250000000003,Friday
2005-10-29,2.21,496.55821428571426,Saturday
2005-10-30,8.25,497.7367857142857,Sunday
2005-10-31,803.429,508.8155714285714,Monday
2005-11-01,757.463,514.5152857142857,Tuesday
2005-11-02,713.8605,517.5589285714285,Wednesday
2005-11-03,716.459,520.0691428571428,Thursday
2005-11-04,658.09,522.8230714285713,Friday
2005-11-05,3.9400000000000004,523.0702142857143,Saturday
2005-11-06,0.0,521.8916428571429,Sunday
2005-11-07,801.4325,521.6064285714285,Monday
2005-11-08,779.304,524.7265714285714,Tuesday
2005-11-09,735.98,527.8865,Wednesday
2005-11-10,736.1795,530.7037142857143,Thursday
2005-11-11,610.695,523.933,Friday
2005-11-12,2.48,523.7244285714286,Saturday
2005-11-13,0.0,523.7244285714286,Sunday
2005-11-14,807.186,524.5463571428571,Monday
2005-11-15,818.6325,530.1647142857144,Tuesday
2005-11-16,674.577,521.3928571428571,Wednesday
2005-11-17,704.66,516.8900714285714,Thursday
2005-11-18,651.7175,522.7504285714285,Friday
2005-11-19,3.62,522.9132857142857,Saturday
2005-11-20,0.0,522.9132857142857,Sunday
2005-11-21,782.0265,519.3190714285714,Monday
2005-11-22,728.8255,506.4895,Tuesday
2005-11-23,642.81,501.95135714285715,Wednesday
2005-11-24,642.81,493.11564285714286,Thursday
2005-11-25,650.34,492.9188571428572,Friday
2005-11-26,672.425,588.4624285714286,Saturday
2005-11-27,0.0,588.4624285714286,Sunday
2005-11-28,904.6175,605.9754285714286,Monday
2005-11-29,850.465,623.3525,Tuesday
2005-11-30,828.587,649.8920714285714,Wednesday
2005-12-01,780.939,669.6247857142856,Thursday
2005-12-02,692.08,675.5876428571428,Friday
2005-12-03,7.600000000000001,580.6126428571429,Saturday
2005-12-04,11.395,582.2405,Sunday
2005-12-05,802.618,567.6691428571428,Monday
2005-12-06,791.432,559.2358571428572,Tuesday
2005-12-07,702.545,541.2298571428572,Wednesday
2005-12-08,0.0,429.6671428571429,Thursday
2005-12-09,729.33,434.98857142857145,Friday
2005-12-10,693.7875,533.0153571428572,Saturday
2005-12-11,0.0,531.3875,Sunday
2005-12-12,825.5505,534.6635714285715,Monday
2005-12-13,822.9925000000001,539.1722142857143,Tuesday
2005-12-14,970.6785,577.477,Wednesday
2005-12-15,706.628,678.4238571428571,Thursday
2005-12-16,701.776,674.4875714285715,Friday
2005-12-17,2.17,575.6850714285714,Saturday
2005-12-18,2.17,575.9950714285715,Sunday
2005-12-19,767.961,567.7679999999999,Monday
2005-12-20,864.53,573.7019285714285,Tuesday
2005-12-21,694.8455,534.2972142857143,Wednesday
2005-12-22,731.2075,537.8085714285714,Thursday
2005-12-23,671.5075,533.4845,Friday
2005-12-24,0.44999999999999996,533.2387857142857,Saturday
2005-12-25,0.44999999999999996,532.9930714285714,Sunday
2005-12-26,716.2475,525.6054285714287,Monday
2005-12-27,769.05,511.96542857142856,Tuesday
2005-12-28,820.6305,529.9347142857142,Wednesday
2005-12-29,844.685,546.1457857142857,Thursday
2005-12-30,792.1375,563.3786428571428,Friday
2005-12-31,3.9099999999999997,563.8729285714286,Saturday
2006-01-01,0.0,563.8086428571428,Sunday
2006-01-02,911.2525,591.6665,Monday
2006-01-03,1006.5325,625.5925714285714,Tuesday
2006-01-04,966.771,646.4697857142856,Wednesday
2006-01-05,910.9365,655.9342857142857,Thursday
2006-01-06,867.6395,666.7202857142858,Friday
2006-01-07,4.86,666.856,Saturday
2006-01-08,0.0,666.856,Sunday
2006-01-09,944.035,671.5392142857144,Monday
2006-01-10,951.836,663.7254285714286,Tuesday
2006-01-11,883.8389999999999,651.8779999999999,Wednesday
2006-01-12,834.3655,640.9392857142857,Thursday
2006-01-13,771.1245,627.1514285714286,Friday
2006-01-14,1.8599999999999999,626.7228571428572,Saturday
2006-01-15,0.0,626.7228571428572,Sunday
2006-01-16,725.865,595.5557142857143,Monday
2006-01-17,675.01,556.0091428571428,Tuesday
2006-01-18,614.915,517.5914285714285,Wednesday
2006-01-19,628.292,488.1523571428571,Thursday
2006-01-20,736.0855,483.1467857142857,Friday
2006-01-21,4.19,483.4796428571429,Saturday
2006-01-22,0.0,483.4796428571429,Sunday
2006-01-23,834.425,498.9882142857144,Monday
2006-01-24,783.75,514.5225,Tuesday
2006-01-25,692.6295,525.6245714285715,Wednesday
2006-01-26,714.8265,537.9866428571429,Thursday
2006-01-27,553.616,511.91957142857143,Friday
2006-01-28,2.02,511.6095714285714,Saturday
2006-01-29,0.0,511.6095714285714,Sunday
2006-01-30,813.18,508.5745714285714,Monday
2006-01-31,768.0600000000001,506.33314285714283,Tuesday
2006-02-01,676.1095,503.97314285714293,Wednesday
2006-02-02,721.41,504.91364285714286,Thursday
2006-02-03,664.9745,520.822,Friday
2006-02-04,2.66,520.9134285714287,Saturday
2006-02-05,0.0,520.9134285714287,Sunday
2006-02-06,803.2875,519.5002142857143,Monday
2006-02-07,751.591,517.1474999999999,Tuesday
2006-02-08,698.4545,520.3396428571428,Wednesday
2006-02-09,717.521,519.7840714285715,Thursday
2006-02-10,646.026,517.0771428571428,Friday
2006-02-11,1.8499999999999999,516.9614285714285,Saturday
2006-02-12,0.0,516.9614285714285,Sunday
2006-02-13,770.95,512.3417857142857,Monday
2006-02-14,738.3,510.44307142857144,Tuesday
2006-02-15,676.655,507.3288571428571,Wednesday
2006-02-16,699.682,504.7804285714286,Thursday
2006-02-17,656.634,506.29585714285713,Friday
2006-02-18,2.83,506.4358571428571,Saturday
2006-02-19,0.0,506.4358571428571,Sunday
2006-02-20,612.5375,483.8055,Monday
2006-02-21,663.55,473.12692857142855,Tuesday
2006-02-22,657.4165,470.37857142857143,Wednesday
2006-02-23,609.073,457.4344285714286,Thursday
2006-02-24,596.4425,448.83564285714283,Friday
2006-02-25,0.83,448.54992857142855,Saturday
2006-02-26,0.0,448.54992857142855,Sunday
2006-02-27,810.17,476.7831428571429,Monday
2006-02-28,776.821,492.96471428571425,Tuesday
2006-03-01,842.045,519.3402142857143,Wednesday
2006-03-02,827.78,550.5840714285715,Thursday
2006-03-03,685.37,563.288,Friday
2006-03-04,8.68,564.4094285714285,Saturday
2006-03-05,0.0,564.4094285714285,Sunday
2006-03-06,921.443,580.3055714285714,Monday
2006-03-07,893.34,596.9511428571429,Tuesday
2006-03-08,830.5,595.3018571428572,Wednesday
2006-03-09,848.2965,598.2327857142857,Thursday
2006-03-10,714.3675,602.3752857142857,Friday
2006-03-11,3.1,601.5781428571428,Saturday
2006-03-12,0.0,601.5781428571428,Sunday
2006-03-13,976.2215,609.4036428571428,Monday
2006-03-14,866.5875,605.5818571428571,Tuesday
2006-03-15,914.468,617.5772857142856,Wednesday
2006-03-16,913.9765,626.9601428571428,Thursday
2006-03-17,782.1825,636.648,Friday
2006-03-18,10.245,637.6687142857143,Saturday
2006-03-19,0.0,637.6687142857143,Sunday
2006-03-20,952.56,634.2885,Monday
2006-03-21,1079.7575,664.741357142857,Tuesday
2006-03-22,820.2065,651.2754285714285,Wednesday
2006-03-23,757.779,628.9615,Thursday
2006-03-24,684.476,615.0034285714285,Friday
2006-03-25,2.54,613.9027142857142,Saturday
2006-03-26,0.0,613.9027142857142,Sunday
2006-03-27,987.5185,618.8967857142858,Monday
2006-03-28,826.192,582.6731428571429,Tuesday
2006-03-29,898.525,593.8615,Wednesday
2006-03-30,875.445,610.6709285714286,Thursday
2006-03-31,810.423,628.6633571428572,Friday
2006-04-01,3.6500000000000004,628.8219285714285,Saturday
2006-04-02,0.0,628.8219285714285,Sunday
2006-04-03,960.305,624.9342857142857,Monday
2006-04-04,947.9825,642.3329285714286,Tuesday
2006-04-05,994.505,656.044357142857,Wednesday
2006-04-06,868.17,655.0050714285715,Thursday
2006-04-07,775.981,650.0847857142857,Friday
2006-04-08,4.63,650.2247857142856,Saturday
2006-04-09,0.0,650.2247857142856,Sunday
2006-04-10,959.0975,650.0522857142857,Monday
2006-04-11,899.88,643.1805,Tuesday
2006-04-12,918.4425,632.3144285714286,Wednesday
2006-04-13,772.0555,618.5837857142857,Thursday
2006-04-14,765.5775,617.0975714285714,Friday
2006-04-15,2.8499999999999996,616.8432857142858,Saturday
2006-04-16,0.0,616.8432857142858,Sunday
2006-04-17,913.8915,610.3852857142857,Monday
2006-04-18,849.685,603.2145714285715,Tuesday
2006-04-19,852.4945,593.7934285714285,Wednesday
2006-04-20,776.637,594.4479285714286,Thursday
2006-04-21,764.435,594.2847142857144,Friday
2006-04-22,3.26,594.3432857142856,Saturday
2006-04-23,0.0,594.3432857142856,Sunday
2006-04-24,922.545,595.5794999999999,Monday
2006-04-25,816.0655,590.7767142857143,Tuesday
2006-04-26,892.3995,596.4774285714286,Wednesday
2006-04-27,849.385,606.87,Thursday
2006-04-28,765.575,607.0328571428571,Friday
2006-04-29,7.66,607.6614285714286,Saturday
2006-04-30,0.29,607.7028571428572,Sunday
2006-05-01,910.0195,605.9135,Monday
2006-05-02,880.7125,615.1487857142857,Tuesday
2006-05-03,925.04,619.8117142857143,Wednesday
2006-05-04,893.632,626.1327142857143,Thursday
2006-05-05,966.0865,654.7772142857142,Friday
2006-05-06,36.31,658.8700714285715,Saturday
2006-05-07,0.0,658.8286428571429,Sunday
2006-05-08,1172.5125,696.3276428571428,Monday
2006-05-09,1121.76,730.763,Tuesday
2006-05-10,1002.4975,741.8283571428572,Wednesday
2006-05-11,934.2435,747.63,Thursday
2006-05-12,971.3025,748.3751428571429,Friday
2006-05-13,191.625,770.563,Saturday
2006-05-14,0.0,770.563,Sunday
2006-05-15,988.542,744.2815,Monday
2006-05-16,993.8775,726.0125714285714,Tuesday
2006-05-17,999.675,725.6093571428572,Wednesday
2006-05-18,931.8565,725.2683571428571,Thursday
2006-05-19,785.4275,698.7147857142857,Friday
2006-05-20,111.92,687.3283571428572,Saturday
2006-05-21,0.0,687.3283571428572,Sunday
2006-05-22,985.06,686.8309285714286,Monday
2006-05-23,953.476,681.0592857142857,Tuesday
2006-05-24,886.304,664.8634285714286,Wednesday
2006-05-25,855.7075,653.9849999999999,Thursday
2006-05-26,801.935,656.3432142857143,Friday
2006-05-27,51.64,647.7317857142858,Saturday
2006-05-28,0.0,647.7317857142858,Sunday
2006-05-29,702.0075,607.2957142857142,Monday
2006-05-30,914.9275,601.7887857142857,Tuesday
2006-05-31,910.72,605.2767857142857,Wednesday
2006-06-01,846.891,604.0172857142858,Thursday
2006-06-02,806.9675,604.7362142857144,Friday
2006-06-03,121.91,614.7747857142857,Saturday
2006-06-04,0.0,614.7747857142857,Sunday
2006-06-05,1011.085,658.9287142857144,Monday
2006-06-06,855.485,650.4369285714286,Tuesday
2006-06-07,793.29,633.6612142857142,Wednesday
2006-06-08,766.734,622.2102142857144,Thursday
2006-06-09,714.0264999999999,608.9329285714285,Friday
2006-06-10,19.68,594.3286428571429,Saturday
2006-06-11,0.0,594.3286428571429,Sunday
2006-06-12,800.04,564.1793571428572,Monday
2006-06-13,776.855,552.9465,Tuesday
2006-06-14,745.1135,546.0641428571429,Wednesday
2006-06-15,745.595,543.0442857142857,Thursday
2006-06-16,687.79,539.2962142857143,Friday
2006-06-17,1.53,536.7033571428572,Saturday
2006-06-18,0.0,536.7033571428572,Sunday
2006-06-19,802.909,537.1132142857142,Monday
2006-06-20,791.0385,539.1394285714285,Tuesday
2006-06-21,699.4905,532.6218571428572,Wednesday
2006-06-22,737.9875,531.5350714285714,Thursday
2006-06-23,728.195,537.3072142857143,Friday
2006-06-24,52.39,544.5729285714285,Saturday
2006-06-25,12.32,546.3329285714286,Sunday
2006-06-26,869.1925,555.802,Monday
2006-06-27,801.5225,557.2997142857142,Tuesday
2006-06-28,781.214,568.9745,Wednesday
2006-06-29,769.21,573.4348571428571,Thursday
2006-06-30,680.862,566.673,Friday
2006-07-01,23.63,562.5644285714286,Saturday
2006-07-02,0.0,560.8044285714285,Sunday
2006-07-03,780.642,548.1543571428572,Monday
2006-07-04,476.635,501.7418571428571,Tuesday
2006-07-05,716.73,492.5298571428571,Wednesday
2006-07-06,750.66,489.8798571428571,Thursday
2006-07-07,712.657,494.42199999999997,Friday
2006-07-08,6.050000000000001,491.9105714285715,Saturday
2006-07-09,0.0,491.9105714285715,Sunday
2006-07-10,883.335,506.581,Monday
2006-07-11,883.0975,564.6470714285714,Tuesday
2006-07-12,909.895,592.2420714285714,Wednesday
2006-07-13,739.01,590.5777857142857,Thursday
2006-07-14,670.2764999999999,584.5234285714286,Friday
2006-07-15,9.14,584.9648571428571,Saturday
2006-07-16,0.0,584.9648571428571,Sunday
2006-07-17,813.6,575.0027142857142,Monday
2006-07-18,739.98,554.5573571428571,Tuesday
2006-07-19,709.05,525.8652142857143,Wednesday
2006-07-20,742.207,526.3219285714285,Thursday
2006-07-21,682.506,528.069,Friday
2006-07-22,6.97,527.7589999999999,Saturday
2006-07-23,0.0,527.7589999999999,Sunday
2006-07-24,788.5695,524.1832142857143,Monday
2006-07-25,751.0625,525.7664285714285,Tuesday
2006-07-26,714.135,526.4928571428571,Wednesday
2006-07-27,699.34,520.3689999999999,Thursday
2006-07-28,629.775,512.836,Friday
2006-07-29,1.32,512.0288571428572,Saturday
2006-07-30,0.0,512.0288571428572,Sunday
2006-07-31,781.46,511.0132142857143,Monday
2006-08-01,716.422,506.06457142857147,Tuesday
2006-08-02,742.5335,510.1215,Wednesday
2006-08-03,675.96,506.78150000000005,Thursday
2006-08-04,681.72,514.2022142857143,Friday
2006-08-05,0.86,514.1365,Saturday
2006-08-06,0.0,514.1365,Sunday
2006-08-07,775.405,513.2715000000001,Monday
2006-08-08,720.3795,513.8368571428572,Tuesday
2006-08-09,719.83,510.5935,Wednesday
2006-08-10,745.22,520.4877857142857,Thursday
2006-08-11,683.316,520.7157857142857,Friday
2006-08-12,0.75,520.7000714285715,Saturday
2006-08-13,0.0,520.7000714285715,Sunday
2006-08-14,801.63,524.4465,Monday
2006-08-15,761.34,530.298,Tuesday
2006-08-16,786.928,539.8834285714286,Wednesday
2006-08-17,765.2305,542.7420714285714,Thursday
2006-08-18,705.6755,545.9362857142858,Friday
2006-08-19,3.1799999999999997,546.2834285714285,Saturday
2006-08-20,0.0,546.2834285714285,Sunday
2006-08-21,799.54,545.9848571428571,Monday
2006-08-22,760.13,545.812,Tuesday
2006-08-23,693.11,532.4094285714285,Wednesday
2006-08-24,662.7615,517.771,Thursday
2006-08-25,615.0225,504.8205714285714,Friday
2006-08-26,2.0300000000000002,504.65628571428573,Saturday
2006-08-27,0.0,504.65628571428573,Sunday
2006-08-28,773.18,500.89057142857143,Monday
2006-08-29,742.86,498.4234285714286,Tuesday
2006-08-30,672.2995,495.4505,Wednesday
2006-08-31,657.46,494.69314285714285,Thursday
2006-09-01,616.6735,494.929,Friday
2006-09-02,4.22,495.2418571428571,Saturday
2006-09-03,0.0,495.2418571428571,Sunday
2006-09-04,586.0625,468.5107857142857,Monday
2006-09-05,696.344,461.8656428571429,Tuesday
2006-09-06,742.25,471.85857142857145,Wednesday
2006-09-07,755.77,485.9028571428571,Thursday
2006-09-08,697.2695,497.41657142857144,Friday
2006-09-09,6.220000000000001,497.7022857142857,Saturday
2006-09-10,0.0,497.7022857142857,Sunday
2006-09-11,887.5725,540.7751428571429,Monday
2006-09-12,817.42,558.0717142857144,Tuesday
2006-09-13,737.5475,557.3999285714286,Wednesday
2006-09-14,700.583,549.5160714285714,Thursday
2006-09-15,655.7305,543.5819285714285,Friday
2006-09-16,4.43,543.3262142857143,Saturday
2006-09-17,0.0,543.3262142857143,Sunday
2006-09-18,804.24,531.4215714285714,Monday
2006-09-19,774.8305,525.3373571428572,Tuesday
2006-09-20,745.62,526.4905714285715,Wednesday
2006-09-21,664.9695,521.4029285714286,Thursday
2006-09-22,683.24,525.3328571428572,Friday
2006-09-23,6.33,525.6042857142858,Saturday
2006-09-24,0.0,525.6042857142858,Sunday
2006-09-25,831.27,529.4657142857143,Monday
2006-09-26,742.2295,524.8084285714286,Tuesday
2006-09-27,756.05,526.2984285714285,Wednesday
2006-09-28,693.7825,530.4145714285714,Thursday
2006-09-29,641.68,524.4774285714286,Friday
2006-09-30,3.18,524.0274285714286,Saturday
2006-10-01,0.0,524.0274285714286,Sunday
2006-10-02,797.07,519.1417142857143,Monday
2006-10-03,754.303,520.8665,Tuesday
2006-10-04,748.76,519.8250714285714,Wednesday
2006-10-05,684.9225,518.559357142857,Thursday
2006-10-06,616.69,514.9893571428571,Friday
2006-10-07,2.4,514.8779285714286,Saturday
2006-10-08,0.0,514.8779285714286,Sunday
2006-10-09,801.89,515.5665,Monday
2006-10-10,0.0,407.80892857142857,Tuesday
2006-10-11,898.39,429.18464285714293,Wednesday
2006-10-12,811.0945,447.20921428571427,Thursday
2006-10-13,800.8195000000001,473.51342857142856,Friday
2006-10-14,657.6575,567.1216428571429,Saturday
2006-10-15,0.0,567.1216428571429,Sunday
2006-10-16,764.834,561.8279285714286,Monday
2006-10-17,700.699,661.9277857142857,Tuesday
2006-10-18,655.8565,627.2801428571428,Wednesday
2006-10-19,629.08,601.2780714285715,Thursday
2006-10-20,596.0795,572.0295,Friday
2006-10-21,3.13,478.5255714285714,Saturday
2006-10-22,0.0,478.5255714285714,Sunday
2006-10-23,828.05,487.55642857142857,Monday
2006-10-24,712.7095,489.27221428571426,Tuesday
2006-10-25,660.134,489.8832857142857,Wednesday
2006-10-26,660.785,494.4125714285714,Thursday
2006-10-27,688.94,507.6783571428571,Friday
2006-10-28,4.52,507.87692857142855,Saturday
2006-10-29,0.0,507.87692857142855,Sunday
2006-10-30,803.862,504.4215,Monday
2006-10-31,768.58,512.403,Tuesday
2006-11-01,781.16,529.6924285714286,Wednesday
2006-11-02,724.75,538.8302857142857,Thursday
2006-11-03,720.178,543.2928571428572,Friday
2006-11-04,3.99,543.2171428571428,Saturday
2006-11-05,0.0,543.2171428571428,Sunday
2006-11-06,820.6899999999999,545.6211428571429,Monday
2006-11-07,773.8765,546.3777857142858,Tuesday
2006-11-08,719.759,537.6062142857143,Wednesday
2006-11-09,711.658,535.7359285714285,Thursday
2006-11-10,651.5600000000001,525.9333571428572,Friday
2006-11-11,1.08,525.5176428571428,Saturday
2006-11-12,0.0,525.5176428571428,Sunday
2006-11-13,844.88,528.9733571428571,Monday
2006-11-14,781.4865,530.0604999999999,Tuesday
2006-11-15,709.708,528.6246428571428,Wednesday
2006-11-16,685.476,524.8843571428571,Thursday
2006-11-17,672.64,527.8957857142857,Friday
2006-11-18,4.69,528.4115,Saturday
2006-11-19,0.0,528.4115,Sunday
2006-11-20,829.91,526.2729285714286,Monday
2006-11-21,810.2325,530.3795,Tuesday
2006-11-22,727.5315,532.9257142857143,Wednesday
2006-11-23,0.0,435.0005714285714,Thursday
2006-11-24,704.6025,439.5666428571429,Friday
2006-11-25,713.1525,540.7755714285714,Saturday
2006-11-26,0.0,540.7755714285714,Sunday
2006-11-27,960.1915,559.3872142857143,Monday
2006-11-28,1030.2935,590.8245,Tuesday
2006-11-29,953.1949999999999,623.0621428571428,Wednesday
2006-11-30,898.785,751.4599999999999,Thursday
2006-12-01,793.17,764.1125,Friday
2006-12-02,3.59,662.7464285714285,Saturday
2006-12-03,0.0,662.7464285714285,Sunday
2006-12-04,851.5775,647.2301428571428,Monday
2006-12-05,827.27,618.2267857142857,Tuesday
2006-12-06,773.6265,592.5741428571429,Wednesday
2006-12-07,807.9875,579.6030714285714,Thursday
2006-12-08,804.5535,581.2292857142857,Friday
2006-12-09,3.73,581.2492857142857,Saturday
2006-12-10,0.0,581.2492857142857,Sunday
2006-12-11,804.28,574.4925,Monday
2006-12-12,858.064,578.8916428571428,Tuesday
2006-12-13,787.9125,580.9325,Wednesday
2006-12-14,800.2175,579.8225,Thursday
2006-12-15,766.3895,574.3705,Friday
2006-12-16,6.8100000000000005,574.8104999999999,Saturday
2006-12-17,0.0,574.8104999999999,Sunday
2006-12-18,890.175,587.0812142857142,Monday
2006-12-19,936.622,598.3037857142857,Tuesday
2006-12-20,906.783,615.2852857142858,Wednesday
2006-12-21,830.946,619.6750714285714,Thursday
2006-12-22,815.3425,626.6683571428572,Friday
2006-12-23,4.57,626.348357142857,Saturday
2006-12-24,0.0,626.348357142857,Sunday
2006-12-25,0.0,499.1805,Monday
2006-12-26,788.5725,478.0305714285714,Tuesday
2006-12-27,849.373,469.82914285714287,Wednesday
2006-12-28,909.3455,481.0290714285715,Thursday
2006-12-29,910.318,494.59700000000004,Friday
2006-12-30,820.585,611.1705714285714,Saturday
2006-12-31,0.0,611.1705714285714,Sunday
2007-01-01,0.0,611.1705714285714,Monday
2007-01-02,1013.657,643.3255,Tuesday
2007-01-03,986.8605,662.9665714285715,Wednesday
2007-01-04,903.9205000000001,662.1915714285715,Thursday
2007-01-05,843.48,652.6432857142858,Friday
2007-01-06,813.415,651.619,Saturday
2007-01-07,0.0,651.619,Sunday
2007-01-08,844.8415,772.3106428571429,Monday
2007-01-09,813.5225,743.72,Tuesday
2007-01-10,796.505,716.5263571428571,Wednesday
2007-01-11,719.2475,690.1445,Thursday
2007-01-12,690.1765,668.2439999999999,Friday
2007-01-13,0.35,552.0918571428572,Saturday
2007-01-14,0.0,552.0918571428572,Sunday
2007-01-15,590.49,515.7559285714286,Monday
2007-01-16,590.49,483.89414285714287,Tuesday
2007-01-17,590.49,454.46342857142855,Wednesday
2007-01-18,959.4,488.77092857142856,Thursday
2007-01-19,1085.84,545.2942857142857,Friday
2007-01-20,775.159,655.9812857142857,Saturday
2007-01-21,775.159,766.7182857142858,Sunday
2007-01-22,1013.0055,827.0776428571428,Monday
2007-01-23,786.41,855.0662142857144,Tuesday
2007-01-24,674.6725,867.0922857142857,Wednesday
2007-01-25,686.9915,828.1767857142858,Thursday
2007-01-26,693.395,772.1132142857142,Friday
2007-01-27,4.26,661.9847857142857,Saturday
2007-01-28,0.0,551.2477857142857,Sunday
2007-01-29,797.79,520.5027142857142,Monday
2007-01-30,804.9225,523.1473571428571,Tuesday
2007-01-31,734.7275,531.7266428571428,Wednesday
2007-02-01,705.498,534.3704285714285,Thursday
2007-02-02,644.7255,527.4176428571428,Friday
2007-02-03,4.33,527.4276428571428,Saturday
2007-02-04,0.0,527.4276428571428,Sunday
2007-02-05,803.7525,528.2794285714286,Monday
2007-02-06,793.06,526.5847857142857,Tuesday
2007-02-07,740.288,527.3791428571428,Wednesday
2007-02-08,709.2225,527.9112142857142,Thursday
2007-02-09,682.11,533.2518571428571,Friday
2007-02-10,3.16,533.0847142857143,Saturday
2007-02-11,0.0,533.0847142857143,Sunday
2007-02-12,795.329,531.8813571428572,Monday
2007-02-13,785.6785,530.8268571428572,Tuesday
2007-02-14,664.049,519.9355714285714,Wednesday
2007-02-15,668.9455,514.1817142857143,Thursday
2007-02-16,646.13,509.04171428571425,Friday
2007-02-17,4.13,509.1802857142857,Saturday
2007-02-18,0.0,509.1802857142857,Sunday
2007-02-19,713.79,497.5318571428571,Monday
2007-02-20,755.4399999999999,493.21207142857145,Tuesday
2007-02-21,725.889,502.0463571428571,Wednesday
2007-02-22,711.9350000000001,508.1877142857143,Thursday
2007-02-23,695.25,515.2048571428571,Friday
2007-02-24,12.65,516.422,Saturday
2007-02-25,0.0,516.422,Sunday
2007-02-26,888.7875,541.4216428571428,Monday
2007-02-27,835.4625,552.8534285714286,Tuesday
2007-02-28,782.339,560.9177142857143,Wednesday
2007-03-01,781.4375,570.8466428571429,Thursday
2007-03-02,718.91,574.2266428571428,Friday
2007-03-03,1.74,572.6680714285714,Saturday
2007-03-04,0.0,572.6680714285714,Sunday
2007-03-05,905.5425,575.0616428571428,Monday
2007-03-06,864.5475,579.2166428571429,Tuesday
2007-03-07,855.4185,589.6565714285714,Wednesday
2007-03-08,797.919,592.0110714285713,Thursday
2007-03-09,770.21,599.339642857143,Friday
2007-03-10,4.58,599.7453571428572,Saturday
2007-03-11,0.0,599.7453571428572,Sunday
2007-03-12,979.195,610.2671428571429,Monday
2007-03-13,891.5025,614.1178571428572,Tuesday
2007-03-14,856.5745,614.283,Wednesday
2007-03-15,883.654,626.5308571428571,Thursday
2007-03-16,757.929,624.7764285714286,Friday
2007-03-17,4.57,624.775,Saturday
2007-03-18,0.0,624.775,Sunday
2007-03-19,1174.7725,652.714642857143,Monday
2007-03-20,1037.095,673.5135714285715,Tuesday
2007-03-21,1190.0265,721.1495714285714,Wednesday
2007-03-22,998.1115,737.5006428571429,Thursday
2007-03-23,1033.3225,776.8425714285713,Friday
2007-03-24,2.34,776.524,Saturday
2007-03-25,0.0,776.524,Sunday
2007-03-26,1123.7,769.2279285714285,Monday
2007-03-27,963.57,758.7243571428571,Tuesday
2007-03-28,1091.3485,744.6274999999999,Wednesday
2007-03-29,962.411,739.5274285714286,Thursday
2007-03-30,770.561,701.9900714285715,Friday
2007-03-31,8.559999999999999,702.878642857143,Saturday
2007-04-01,0.0,702.878642857143,Sunday
2007-04-02,1052.695,692.7350714285715,Monday
2007-04-03,1066.04,707.3736428571428,Tuesday
2007-04-04,1054.6225,702.1270714285713,Wednesday
2007-04-05,963.4885,702.281,Thursday
2007-04-06,888.024,719.0614285714286,Friday
2007-04-07,4.54,718.4871428571429,Saturday
2007-04-08,0.0,718.4871428571429,Sunday
2007-04-09,848.1355,689.2643571428571,Monday
2007-04-10,868.96,661.1100714285714,Tuesday
2007-04-11,866.747,634.2707142857143,Wednesday
2007-04-12,832.0005,615.4867142857144,Thursday
2007-04-13,742.9825,594.7665,Friday
2007-04-14,4.21,594.7193571428571,Saturday
2007-04-15,0.0,594.7193571428571,Sunday
2007-04-16,972.74,612.5199999999999,Monday
2007-04-17,949.7215,624.0573571428571,Tuesday
2007-04-18,898.6925,628.621,Wednesday
2007-04-19,849.455,631.1144999999999,Thursday
2007-04-20,806.4225,640.1773571428572,Friday
2007-04-21,3.7800000000000002,640.1159285714285,Saturday
2007-04-22,0.0,640.1159285714285,Sunday
2007-04-23,893.5615,628.8047142857142,Monday
2007-04-24,899.63,621.6487857142857,Tuesday
2007-04-25,867.6785,617.2182142857143,Wednesday
2007-04-26,794.014,609.2980714285713,Thursday
2007-04-27,726.12,597.8262857142857,Friday
2007-04-28,2.8,597.6862857142856,Saturday
2007-04-29,0.0,597.6862857142856,Sunday
2007-04-30,979.7495,609.9988571428572,Monday
2007-05-01,854.7235000000001,603.5836428571429,Tuesday
2007-05-02,849.1535,600.9372142857144,Wednesday
2007-05-03,810.97,603.3594999999999,Thursday
2007-05-04,728.107,603.6433571428571,Friday
2007-05-05,8.95,604.5219285714286,Saturday
2007-05-06,0.0,604.5219285714286,Sunday
2007-05-07,945.7925,599.6709285714286,Monday
2007-05-08,915.055,608.2897142857144,Tuesday
2007-05-09,901.5155,615.7700000000001,Wednesday
2007-05-10,860.3534999999999,622.8247857142857,Thursday
2007-05-11,815.25,635.2737857142856,Friday
2007-05-12,4.23,634.5995,Saturday
2007-05-13,0.0,634.5995,Sunday
2007-05-14,945.03,634.4905714285715,Monday
2007-05-15,854.9815,625.9086428571428,Tuesday
2007-05-16,912.938,627.5404285714286,Wednesday
2007-05-17,810.419,620.4069285714286,Thursday
2007-05-18,742.0,609.9426428571429,Friday
2007-05-19,1.15,609.5026428571429,Saturday
2007-05-20,0.0,609.5026428571429,Sunday
2007-05-21,925.002,606.6415,Monday
2007-05-22,881.06,610.367,Tuesday
2007-05-23,864.0625,603.3847857142856,Wednesday
2007-05-24,1008.3045,631.6541428571428,Thursday
2007-05-25,727.2305,629.5442142857142,Friday
2007-05-26,3.82,629.9256428571429,Saturday
2007-05-27,0.0,629.9256428571429,Sunday
2007-05-28,701.6775,598.0221428571429,Monday
2007-05-29,832.8375,591.1332142857143,Tuesday
2007-05-30,855.6,589.9242857142857,Wednesday
2007-05-31,822.4645,563.3757142857143,Thursday
2007-06-01,819.02,576.4885,Friday
2007-06-02,3.01,576.3727857142858,Saturday
2007-06-03,0.0,576.3727857142858,Sunday
2007-06-04,1164.48,642.4874285714286,Monday
2007-06-05,927.05,655.9463571428571,Tuesday
2007-06-06,848.5,654.9320714285714,Wednesday
2007-06-07,838.1105,657.1672142857143,Thursday
2007-06-08,752.1835,647.6191428571428,Friday
2007-06-09,31.0,651.6177142857142,Saturday
2007-06-10,0.0,651.6177142857142,Sunday
2007-06-11,982.785,625.6612857142857,Monday
2007-06-12,865.44,616.8598571428572,Tuesday
2007-06-13,904.472,624.8558571428572,Wednesday
2007-06-14,834.506,624.3409285714287,Thursday
2007-06-15,782.2525,628.6365,Friday
2007-06-16,2.96,624.6307857142857,Saturday
2007-06-17,0.0,624.6307857142857,Sunday
2007-06-18,884.9455,610.6537142857143,Monday
2007-06-19,787.2139999999999,599.4785714285714,Tuesday
2007-06-20,808.7375,585.8022142857143,Wednesday
2007-06-21,828.6785,584.9697142857143,Thursday
2007-06-22,740.935,579.0672142857143,Friday
2007-06-23,38.1,584.0872142857143,Saturday
2007-06-24,1.58,584.3129285714286,Sunday
2007-06-25,924.56,589.9721428571428,Monday
2007-06-26,858.0065,600.0853571428571,Tuesday
2007-06-27,818.8625,601.5317857142857,Wednesday
2007-06-28,743.3195000000001,589.3376428571428,Thursday
2007-06-29,686.47,581.5569285714286,Friday
2007-06-30,1.43,576.3183571428572,Saturday
2007-07-01,0.0,576.0926428571428,Sunday
2007-07-02,946.7065,579.2564285714285,Monday
2007-07-03,840.01,576.6854999999999,Tuesday
2007-07-04,542.095,537.1472857142857,Wednesday
2007-07-05,756.529,539.0343571428572,Thursday
2007-07-06,750.55,548.1886428571428,Friday
2007-07-07,6.91,548.9715,Saturday
2007-07-08,0.0,548.9715,Sunday
2007-07-09,998.323,556.3452857142858,Monday
2007-07-10,961.312,573.6741428571429,Tuesday
2007-07-11,1082.029,650.8075714285715,Wednesday
2007-07-12,915.434,673.5082857142858,Thursday
2007-07-13,791.4515,679.3513571428572,Friday
2007-07-14,3.1,678.8070714285714,Saturday
2007-07-15,0.0,678.8070714285714,Sunday
2007-07-16,910.4245,666.2501428571429,Monday
2007-07-17,817.705,645.7348571428572,Tuesday
2007-07-18,835.9345,610.5785,Wednesday
2007-07-19,809.625,595.4629285714285,Thursday
2007-07-20,747.76,589.2212857142857,Friday
2007-07-21,4.76,589.4584285714287,Saturday
2007-07-22,0.0,589.4584285714287,Sunday
2007-07-23,917.8825,590.5238571428571,Monday
2007-07-24,816.027,590.2841428571428,Tuesday
2007-07-25,872.9425,595.571,Wednesday
2007-07-26,760.678,588.5785714285714,Thursday
2007-07-27,755.8425,589.7332142857142,Friday
2007-07-28,1.9100000000000001,589.3260714285714,Saturday
2007-07-29,0.0,589.3260714285714,Sunday
2007-07-30,898.514,586.5591428571428,Monday
2007-07-31,865.9795,593.6952142857143,Tuesday
2007-08-01,875.8525,594.1109285714285,Wednesday
2007-08-02,869.194,609.6132142857142,Thursday
2007-08-03,824.5585,619.4297857142857,Friday
2007-08-04,3.45,619.6497857142857,Saturday
2007-08-05,0.0,619.6497857142857,Sunday
2007-08-06,942.02,625.8649285714285,Monday
2007-08-07,904.7015,631.3966428571429,Tuesday
2007-08-08,856.9095,628.6904999999999,Wednesday
2007-08-09,791.7935,617.6332857142858,Thursday
2007-08-10,732.75,604.5177857142857,Friday
2007-08-11,3.04,604.4592142857143,Saturday
2007-08-12,0.0,604.4592142857143,Sunday
2007-08-13,899.38,598.3677857142857,Monday
2007-08-14,808.055,584.5611428571428,Tuesday
2007-08-15,808.8525,577.6958571428571,Wednesday
2007-08-16,777.7495,575.6895714285714,Thursday
2007-08-17,780.562,582.5198571428571,Friday
2007-08-18,4.65,582.7498571428571,Saturday
2007-08-19,0.0,582.7498571428571,Sunday
2007-08-20,900.0695,582.8483571428571,Monday
2007-08-21,871.8165,591.9571428571428,Tuesday
2007-08-22,852.155,598.1432142857142,Wednesday
2007-08-23,828.344,605.371,Thursday
2007-08-24,836.5715,613.3723571428571,Friday
2007-08-25,309.63,656.9409285714285,Saturday
2007-08-26,0.0,656.9409285714285,Sunday
2007-08-27,962.947,665.9234285714285,Monday
2007-08-28,883.7365,667.6262857142857,Tuesday
2007-08-29,855.149,668.0540000000001,Wednesday
2007-08-30,813.6035,665.9482142857144,Thursday
2007-08-31,803.06,661.1608571428571,Friday
2007-09-01,4.41,617.558,Saturday
2007-09-02,0.0,617.558,Sunday
2007-09-03,658.4225,574.0545,Monday
2007-09-04,798.2755,561.8457857142857,Tuesday
2007-09-05,788.832,552.3719285714286,Wednesday
2007-09-06,815.7725,552.6817857142858,Thursday
2007-09-07,806.3975,553.1585714285715,Friday
2007-09-08,2.14,552.8342857142858,Saturday
2007-09-09,0.0,552.8342857142858,Sunday
2007-09-10,1047.7875,608.4578571428572,Monday
2007-09-11,893.226,622.0222142857143,Tuesday
2007-09-12,849.399,630.6746428571429,Wednesday
2007-09-13,787.8389999999999,626.6841428571428,Thursday
2007-09-14,740.1585,617.2214285714284,Friday
2007-09-15,3.8600000000000003,617.4671428571428,Saturday
2007-09-16,0.0,617.4671428571428,Sunday
2007-09-17,918.6525,599.0192857142857,Monday
2007-09-18,863.867,594.8251428571429,Tuesday
2007-09-19,831.4365,592.2590714285715,Wednesday
2007-09-20,789.0605,592.4335714285714,Thursday
2007-09-21,689.81,585.2409285714285,Friday
2007-09-22,2.69,585.0737857142857,Saturday
2007-09-23,0.0,585.0737857142857,Sunday
2007-09-24,877.6725,579.2194999999999,Monday
2007-09-25,854.3565,577.8608571428571,Tuesday
2007-09-26,788.0175,571.6581428571429,Wednesday
2007-09-27,781.974,570.6457857142858,Thursday
2007-09-28,731.7375,576.6354285714285,Friday
2007-09-29,3.72,576.7825714285715,Saturday
2007-09-30,0.0,576.7825714285715,Sunday
2007-10-01,911.595,581.6286428571428,Monday
2007-10-02,852.9815,581.4322142857143,Tuesday
2007-10-03,869.155,593.0232857142856,Wednesday
2007-10-04,732.3275,585.9309285714286,Thursday
2007-10-05,735.137,586.4165714285715,Friday
2007-10-06,1.01,586.0294285714286,Saturday
2007-10-07,0.0,586.0294285714286,Sunday
2007-10-08,847.27,576.8401428571428,Monday
2007-10-09,810.5765,570.7822857142858,Tuesday
2007-10-10,836.805,566.1608571428571,Wednesday
2007-10-11,765.909,570.9582142857142,Thursday
2007-10-12,770.55,576.0172142857142,Friday
2007-10-13,6.32,576.7757857142857,Saturday
2007-10-14,0.0,576.7757857142857,Sunday
2007-10-15,891.56,583.1029285714286,Monday
2007-10-16,904.914,596.5797142857143,Tuesday
2007-10-17,864.4725,600.5322142857142,Wednesday
2007-10-18,743.9775,597.3991428571428,Thursday
2007-10-19,732.296,591.9342857142857,Friday
2007-10-20,3.2,591.4885714285714,Saturday
2007-10-21,0.0,591.4885714285714,Sunday
2007-10-22,866.12,587.8542857142857,Monday
2007-10-23,814.889,574.9935714285715,Tuesday
2007-10-24,780.6725,563.0221428571429,Wednesday
2007-10-25,775.173,567.4786428571429,Thursday
2007-10-26,721.995,566.0070714285714,Friday
2007-10-27,2.46,565.9013571428571,Saturday
2007-10-28,0.0,565.9013571428571,Sunday
2007-10-29,895.502,570.0987857142857,Monday
2007-10-30,867.2975,577.5857142857143,Tuesday
2007-10-31,822.3555,583.5404285714286,Wednesday
2007-11-01,731.4875,577.2996428571429,Thursday
2007-11-02,816.74,590.8346428571429,Friday
2007-11-03,198.62,618.8575000000001,Saturday
2007-11-04,0.0,618.8575000000001,Sunday
2007-11-05,910.47,620.9957857142857,Monday
2007-11-06,860.575,620.0354285714285,Tuesday
2007-11-07,840.788,622.6686428571429,Wednesday
2007-11-08,810.085,633.8968571428571,Thursday
2007-11-09,778.095,628.3761428571428,Friday
2007-11-10,8.47,601.2118571428572,Saturday
2007-11-11,0.0,601.2118571428572,Sunday
2007-11-12,784.8625,583.2679285714286,Monday
2007-11-13,868.903,584.4576428571429,Tuesday
2007-11-14,903.2655,593.383,Wednesday
2007-11-15,804.447,592.5775714285713,Thursday
2007-11-16,758.46,589.7725714285714,Friday
2007-11-17,3.3,589.034,Saturday
2007-11-18,0.0,589.034,Sunday
2007-11-19,923.6475,608.8604285714285,Monday
2007-11-20,926.8045,617.1320714285714,Tuesday
2007-11-21,819.36,605.1455714285714,Wednesday
2007-11-22,819.36,607.276,Thursday
2007-11-23,667.2125,594.2406428571428,Friday
2007-11-24,714.7225,695.8724285714286,Saturday
2007-11-25,0.0,695.8724285714286,Sunday
2007-11-26,957.19,700.6642142857144,Monday
2007-11-27,895.225,696.1528571428571,Tuesday
2007-11-28,957.22,715.8471428571429,Wednesday
2007-11-29,830.217,717.3981428571427,Thursday
2007-11-30,851.2305,743.6864285714286,Friday
2007-12-01,2.04,641.8746428571429,Saturday
2007-12-02,0.0,641.8746428571429,Sunday
2007-12-03,945.374,640.1866428571429,Monday
2007-12-04,881.75,638.2616428571429,Tuesday
2007-12-05,882.9505,627.6517142857143,Wednesday
2007-12-06,813.78,625.3035714285714,Thursday
2007-12-07,843.475,624.195642857143,Friday
2007-12-08,4.8,624.5899285714286,Saturday
2007-12-09,0.0,624.5899285714286,Sunday
2007-12-10,962.22,626.9965000000001,Monday
2007-12-11,905.8525,630.4397142857142,Tuesday
2007-12-12,895.219,632.1923571428571,Wednesday
2007-12-13,864.4895,639.4365714285714,Thursday
2007-12-14,871.62,643.4572857142857,Friday
2007-12-15,0.48,642.8401428571427,Saturday
2007-12-16,0.0,642.8401428571427,Sunday
2007-12-17,878.432,630.8704285714285,Monday
2007-12-18,919.933,632.8819285714286,Tuesday
2007-12-19,900.314,633.6097857142857,Wednesday
2007-12-20,866.225,633.8577142857142,Thursday
2007-12-21,865.5075,632.9844999999999,Friday
2007-12-22,2.16,633.2245000000001,Saturday
2007-12-23,0.0,633.2245000000001,Sunday
2007-12-24,695.73,607.1242142857143,Monday
2007-12-25,695.73,575.0952142857143,Tuesday
2007-12-26,830.8925,565.1778571428571,Wednesday
2007-12-27,917.085,572.4435714285714,Thursday
2007-12-28,911.6155,579.0304285714285,Friday
2007-12-29,823.285,696.334,Saturday
2007-12-30,0.0,696.334,Sunday
2007-12-31,1014.3,741.844,Monday
2008-01-01,0.0,642.454,Tuesday
2008-01-02,1007.4075,667.6704285714286,Wednesday
2008-01-03,1003.8215,680.0613571428572,Thursday
2008-01-04,938.1545,683.8526428571429,Friday
2008-01-05,864.42,689.7290714285715,Saturday
2008-01-06,0.0,689.7290714285715,Sunday
2008-01-07,1105.615,702.7740714285713,Monday
2008-01-08,969.3985,841.2595714285715,Tuesday
2008-01-09,910.476,827.4122142857143,Wednesday
2008-01-10,830.0024999999999,802.5809285714286,Thursday
2008-01-11,836.3275,788.0342142857144,Friday
2008-01-12,1.47,664.7556428571428,Saturday
2008-01-13,0.0,664.7556428571428,Sunday
2008-01-14,942.7685,641.4918571428572,Monday
2008-01-15,892.23,630.4677857142857,Tuesday
2008-01-16,877.904,625.8146428571429,Wednesday
2008-01-17,825.845,625.2207142857143,Thursday
2008-01-18,822.691,623.272642857143,Friday
2008-01-19,1.72,623.3083571428571,Saturday
2008-01-20,0.0,623.3083571428571,Sunday
2008-01-21,702.1575,588.9353571428571,Monday
2008-01-22,753.52,569.1196428571429,Tuesday
2008-01-23,807.683,559.0880714285714,Wednesday
2008-01-24,684.41,538.8830714285715,Thursday
2008-01-25,677.7815,518.1817142857143,Friday
2008-01-26,2.06,518.2302857142857,Saturday
2008-01-27,0.5,518.3017142857143,Sunday
2008-01-28,904.585,547.2199285714286,Monday
2008-01-29,826.5825,557.6574285714286,Tuesday
2008-01-30,839.0215,562.1343571428571,Wednesday
2008-01-31,805.938,579.4955,Thursday
2008-02-01,785.49,594.8824285714285,Friday
2008-02-02,3.2199999999999998,595.0481428571429,Saturday
2008-02-03,0.0,594.9767142857144,Sunday
2008-02-04,858.72,588.4245714285714,Monday
2008-02-05,845.692,591.1545,Tuesday
2008-02-06,852.8085,593.1240714285715,Wednesday
2008-02-07,801.4399999999999,592.4815,Thursday
2008-02-08,766.4275,589.7582857142858,Friday
2008-02-09,1.76,589.5497142857142,Saturday
2008-02-10,0.0,589.5497142857142,Sunday
2008-02-11,875.3824999999999,591.9300714285715,Monday
2008-02-12,818.36,588.0255,Tuesday
2008-02-13,809.9575,581.9039285714285,Wednesday
2008-02-14,836.9005,586.9697142857142,Thursday
2008-02-15,810.9225,593.3261428571429,Friday
2008-02-16,3.0300000000000002,593.5075714285714,Saturday
2008-02-17,0.0,593.5075714285714,Sunday
2008-02-18,773.3975,578.9382857142857,Monday
2008-02-19,862.5024999999999,585.2443571428572,Tuesday
2008-02-20,874.722,594.4964285714286,Wednesday
2008-02-21,849.175,596.2499285714285,Thursday
2008-02-22,854.2145,602.4345000000001,Friday
2008-02-23,9.59,603.371642857143,Saturday
2008-02-24,0.0,603.371642857143,Sunday
2008-02-25,933.63,626.262,Monday
2008-02-26,869.42,627.2502142857144,Tuesday
2008-02-27,864.09,625.7313571428571,Wednesday
2008-02-28,856.9905,626.847857142857,Thursday
2008-02-29,829.23,623.2786428571428,Friday
2008-03-01,3.78,622.4486428571428,Saturday
2008-03-02,0.0,622.4486428571428,Sunday
2008-03-03,987.0075,630.074,Monday
2008-03-04,844.625,626.5318571428571,Tuesday
2008-03-05,854.4415,625.1535,Wednesday
2008-03-06,848.1195,623.8862142857142,Thursday
2008-03-07,718.5365,608.0728571428572,Friday
2008-03-08,2.6799999999999997,607.9157142857142,Saturday
2008-03-09,0.0,607.9157142857142,Sunday
2008-03-10,891.374,594.2537857142858,Monday
2008-03-11,834.85,592.8573571428572,Tuesday
2008-03-12,875.4065,595.8523571428572,Wednesday
2008-03-13,841.36,594.8867142857143,Thursday
2008-03-14,849.8135,613.6405714285713,Friday
2008-03-15,4.32,613.8748571428572,Saturday
2008-03-16,0.0,613.8748571428572,Sunday
2008-03-17,1189.9765,656.5323571428572,Monday
2008-03-18,1009.82,681.5280714285715,Tuesday
2008-03-19,1083.809,711.2998571428571,Wednesday
2008-03-20,992.615,732.9077142857143,Thursday
2008-03-21,947.505,746.8636428571428,Friday
2008-03-22,3.19,746.7022142857143,Saturday
2008-03-23,0.0,746.7022142857143,Sunday
2008-03-24,1082.6195,731.3655,Monday
2008-03-25,1033.022,734.6800714285715,Tuesday
2008-03-26,1125.6725,740.6605714285714,Wednesday
2008-03-27,1032.8045,746.4019285714286,Thursday
2008-03-28,916.5995,741.986857142857,Friday
2008-03-29,1.28,741.7139999999999,Saturday
2008-03-30,0.0,741.7139999999999,Sunday
2008-03-31,1057.2875,738.0951428571427,Monday
2008-04-01,969.865,729.0727142857143,Tuesday
2008-04-02,1036.552,716.3412142857143,Wednesday
2008-04-03,980.811,708.9135714285713,Thursday
2008-04-04,884.6175,704.3447142857142,Friday
2008-04-05,3.0200000000000005,704.5932857142858,Saturday
2008-04-06,0.0,704.5932857142858,Sunday
2008-04-07,1120.29,713.5936428571429,Monday
2008-04-08,1048.01,724.7572142857142,Tuesday
2008-04-09,1115.6315,736.0542857142857,Wednesday
2008-04-10,1024.5485,742.3024999999999,Thursday
2008-04-11,917.8935,747.0562142857143,Friday
2008-04-12,3.08,747.0647857142857,Saturday
2008-04-13,0.0,747.0647857142857,Sunday
2008-04-14,1062.0375,738.743,Monday
2008-04-15,1038.4075,737.3712142857142,Tuesday
2008-04-16,1032.5225,725.4984999999999,Wednesday
2008-04-17,962.165,716.5865714285713,Thursday
2008-04-18,929.3375,718.2214285714286,Friday
2008-04-19,3.48,718.2785714285714,Saturday
2008-04-20,0.0,718.2785714285714,Sunday
2008-04-21,985.3375,707.3214285714286,Monday
2008-04-22,897.7385,687.2258571428572,Tuesday
2008-04-23,950.63,675.5269285714286,Wednesday
2008-04-24,923.204,669.9610714285715,Thursday
2008-04-25,877.125,662.5021428571428,Friday
2008-04-26,257.28,698.7592857142857,Saturday
2008-04-27,0.0,698.7592857142857,Sunday
2008-04-28,927.1800000000001,690.4510714285714,Monday
2008-04-29,889.34,689.2512857142857,Tuesday
2008-04-30,946.205,688.6191428571428,Wednesday
2008-05-01,848.042,677.8817142857143,Thursday
2008-05-02,776.42,663.4952857142858,Friday
2008-05-03,324.51,673.0995714285715,Saturday
2008-05-04,2.53,673.4610000000001,Sunday
2008-05-05,949.301,676.6211428571429,Monday
2008-05-06,909.004,679.4302857142857,Tuesday
2008-05-07,894.88,672.0981428571429,Wednesday
2008-05-08,880.54,676.7407142857144,Thursday
2008-05-09,833.99,684.965,Friday
2008-05-10,1.09,638.7621428571429,Saturday
2008-05-11,0.0,638.4007142857143,Sunday
2008-05-12,926.7025,635.1723571428572,Monday
2008-05-13,889.9735,632.4537142857143,Tuesday
2008-05-14,875.49,629.6837142857142,Wednesday
2008-05-15,845.263,624.6441428571428,Thursday
2008-05-16,1060.6805,657.0285,Friday
2008-05-17,184.26,683.1956428571428,Saturday
2008-05-18,0.0,683.1956428571428,Sunday
2008-05-19,1058.4759999999999,702.0204285714286,Monday
2008-05-20,1148.461,738.9472142857142,Tuesday
2008-05-21,1105.571,771.8159285714285,Wednesday
2008-05-22,999.844,793.8989285714285,Thursday
2008-05-23,994.4075,784.4313571428571,Friday
2008-05-24,303.255,801.4306428571429,Saturday
2008-05-25,0.0,801.4306428571429,Sunday
2008-05-26,823.367,767.843642857143,Monday
2008-05-27,953.472,739.9880714285715,Tuesday
2008-05-28,957.027,718.7675,Wednesday
2008-05-29,839.2,695.8183571428572,Thursday
2008-05-30,1058.842,705.0232857142857,Friday
2008-05-31,293.9455,703.6933571428572,Saturday
2008-06-01,0.0,703.6933571428572,Sunday
2008-06-02,1028.184,732.9529285714286,Monday
2008-06-03,956.9295,733.4468571428571,Tuesday
2008-06-04,906.788,726.2698571428572,Wednesday
2008-06-05,887.4495,733.1626428571428,Thursday
2008-06-06,864.7,705.4280714285715,Friday
2008-06-07,152.71,685.2515714285715,Saturday
2008-06-08,0.0,685.2515714285715,Sunday
2008-06-09,967.979,676.6508571428573,Monday
2008-06-10,921.2445,671.553,Tuesday
2008-06-11,897.0435,670.1609285714286,Wednesday
2008-06-12,864.962,666.9484285714286,Thursday
2008-06-13,804.58,658.3598571428572,Friday
2008-06-14,13.74,638.507,Saturday
2008-06-15,0.0,638.507,Sunday
2008-06-16,818.5550000000001,617.1607142857143,Monday
2008-06-17,784.8075,597.6697142857143,Tuesday
2008-06-18,797.03,583.3820714285714,Wednesday
2008-06-19,917.925,590.9482142857142,Thursday
2008-06-20,730.83,580.4125,Friday
2008-06-21,2.34,578.7839285714285,Saturday
2008-06-22,0.0,578.7839285714285,Sunday
2008-06-23,910.205,591.8767857142857,Monday
2008-06-24,850.546,601.268,Tuesday
2008-06-25,815.3025,603.8783571428572,Wednesday
2008-06-26,798.877,586.8715,Thursday
2008-06-27,778.6785,593.707,Friday
2008-06-28,1.87,593.6398571428571,Saturday
2008-06-29,0.0,593.6398571428571,Sunday
2008-06-30,862.1035,586.7682142857142,Monday
2008-07-01,851.9879999999999,586.9742142857142,Tuesday
2008-07-02,835.8525,589.9099285714285,Wednesday
2008-07-03,805.92,590.9160714285714,Thursday
2008-07-04,623.215,568.707,Friday
2008-07-05,5.31,569.1984285714286,Saturday
2008-07-06,0.0,569.1984285714286,Sunday
2008-07-07,917.4175,577.1004285714286,Monday
2008-07-08,828.514,573.747,Tuesday
2008-07-09,876.67,579.5780714285714,Wednesday
2008-07-10,857.415,586.9345,Thursday
2008-07-11,828.7715000000001,616.2997142857142,Friday
2008-07-12,0.75,615.6482857142857,Saturday
2008-07-13,0.0,615.6482857142857,Sunday
2008-07-14,894.3575,612.354,Monday
2008-07-15,824.2125,611.7394999999999,Tuesday
2008-07-16,840.815,606.6173571428571,Wednesday
2008-07-17,781.949,595.8365,Thursday
2008-07-18,803.701,592.255,Friday
2008-07-19,2.75,592.5407142857142,Saturday
2008-07-20,0.0,592.5407142857142,Sunday
2008-07-21,850.64,586.2953571428571,Monday
2008-07-22,787.55,581.0578571428571,Tuesday
2008-07-23,789.1415,573.6759285714286,Wednesday
2008-07-24,724.81,565.5132142857143,Thursday
2008-07-25,678.29,547.597357142857,Friday
2008-07-26,1.98,547.4873571428571,Saturday
2008-07-27,0.0,547.4873571428571,Sunday
2008-07-28,839.26,545.8616428571429,Monday
2008-07-29,953.53,569.5730714285713,Tuesday
2008-07-30,814.6315,573.2144999999999,Wednesday
2008-07-31,819.933,586.8035,Thursday
2008-08-01,754.233,597.6525,Friday
2008-08-02,2.39,597.7110714285715,Saturday
2008-08-03,0.0,597.7110714285715,Sunday
2008-08-04,837.683,597.4857857142857,Monday
2008-08-05,780.4385,572.7584285714286,Tuesday
2008-08-06,790.14,569.2596428571429,Wednesday
2008-08-07,752.7275,559.6588571428572,Thursday
2008-08-08,721.657,555.0051428571428,Friday
2008-08-09,0.96,554.8008571428571,Saturday
2008-08-10,0.0,554.8008571428571,Sunday
2008-08-11,816.9125,551.8336428571429,Monday
2008-08-12,756.585,548.426,Tuesday
2008-08-13,790.0825,548.4177857142857,Wednesday
2008-08-14,746.3415,547.5055,Thursday
2008-08-15,722.63,547.6445,Friday
2008-08-16,1.79,547.7630714285714,Saturday
2008-08-17,0.0,547.7630714285714,Sunday
2008-08-18,826.821,549.1785714285714,Monday
2008-08-19,804.7475,556.0589285714286,Tuesday
2008-08-20,811.0075,559.0482142857143,Wednesday
2008-08-21,727.0905,556.2980714285715,Thursday
2008-08-22,708.73,554.3123571428572,Friday
2008-08-23,2.22,554.3737857142858,Saturday
2008-08-24,0.0,554.3737857142858,Sunday
2008-08-25,898.49,564.6122142857143,Monday
2008-08-26,832.8245,568.6232142857143,Tuesday
2008-08-27,847.9685,573.9033571428571,Wednesday
2008-08-28,818.1899999999999,586.9175714285714,Thursday
2008-08-29,767.17,595.2661428571428,Friday
2008-08-30,3.36,595.429,Saturday
2008-08-31,0.0,595.429,Sunday
2008-09-01,670.3525,562.8379285714285,Monday
2008-09-02,819.34,560.9115714285714,Tuesday
2008-09-03,858.345,562.3939285714285,Wednesday
2008-09-04,779.2,556.8239285714286,Thursday
2008-09-05,755.885,555.2117857142857,Friday
2008-09-06,2.49,555.0875,Saturday
2008-09-07,0.0,555.0875,Sunday
2008-09-08,943.226,594.0694285714287,Monday
2008-09-09,794.132,590.4682857142858,Tuesday
2008-09-10,781.3415,579.4677857142857,Wednesday
2008-09-11,749.28,575.1935,Thursday
2008-09-12,684.337,564.972357142857,Friday
2008-09-13,2.5,564.9737857142857,Saturday
2008-09-14,0.0,564.9737857142857,Sunday
2008-09-15,863.2524999999999,553.549,Monday
2008-09-16,730.44,544.4501428571429,Tuesday
2008-09-17,768.041,542.5500714285714,Wednesday
2008-09-18,696.1,534.9529285714286,Thursday
2008-09-19,698.3199999999999,536.9505,Friday
2008-09-20,19.5,539.3790714285715,Saturday
2008-09-21,0.0,539.3790714285715,Sunday
2008-09-22,875.755,541.1651428571429,Monday
2008-09-23,852.7,558.6308571428572,Tuesday
2008-09-24,809.6575,564.5760714285714,Wednesday
2008-09-25,743.9445,571.411,Thursday
2008-09-26,789.795,584.4788571428571,Friday
2008-09-27,35.67,586.7888571428572,Saturday
2008-09-28,0.0,586.7888571428572,Sunday
2008-09-29,837.7215,581.3555,Monday
2008-09-30,844.01,580.1140714285714,Tuesday
2008-10-01,741.62,570.3944285714285,Wednesday
2008-10-02,747.325,570.8773571428571,Thursday
2008-10-03,733.0425,562.7698571428572,Friday
2008-10-04,34.49,562.6012857142857,Saturday
2008-10-05,0.0,562.6012857142857,Sunday
2008-10-06,875.3545,567.9774285714286,Monday
2008-10-07,880.513,573.1921428571429,Tuesday
2008-10-08,768.28,577.0007142857143,Wednesday
2008-10-09,731.1035,574.6833571428572,Thursday
2008-10-10,754.08,577.6887142857142,Friday
2008-10-11,5.220000000000001,573.5072857142857,Saturday
2008-10-12,0.0,573.5072857142857,Sunday
2008-10-13,799.0225,562.6027142857143,Monday
2008-10-14,855.554,559.0371428571428,Tuesday
2008-10-15,739.934,554.9877142857143,Wednesday
2008-10-16,737.344,555.8792142857143,Thursday
2008-10-17,707.7139999999999,549.2555,Friday
2008-10-18,1.3900000000000001,548.7083571428572,Saturday
2008-10-19,0.0,548.7083571428572,Sunday
2008-10-20,866.405,558.3344285714285,Monday
2008-10-21,839.471,556.0368571428571,Tuesday
2008-10-22,789.6075,563.1330714285714,Wednesday
2008-10-23,698.466,557.5790714285714,Thursday
2008-10-24,767.14,566.0685,Friday
2008-10-25,2.27,566.1942142857143,Saturday
2008-10-26,0.0,566.1942142857143,Sunday
2008-10-27,788.04,554.9992142857143,Monday
2008-10-28,790.57,548.0133571428571,Tuesday
2008-10-29,770.128,545.2305714285715,Wednesday
2008-10-30,686.7,543.5497142857143,Thursday
2008-10-31,698.77,533.7825714285715,Friday
2008-11-01,2.26,533.7811428571429,Saturday
2008-11-02,0.0,533.7811428571429,Sunday
2008-11-03,915.062,551.9271428571428,Monday
2008-11-04,862.412,562.1902857142858,Tuesday
2008-11-05,834.2,571.3434285714286,Wednesday
2008-11-06,779.157,584.5515714285714,Thursday
2008-11-07,732.685,589.3965714285714,Friday
2008-11-08,1.8699999999999999,589.3408571428571,Saturday
2008-11-09,0.98,589.4808571428572,Sunday
2008-11-10,833.11,577.7734285714286,Monday
2008-11-11,796.5625,568.3663571428572,Tuesday
2008-11-12,795.275,562.8056428571429,Wednesday
2008-11-13,778.707,562.7413571428572,Thursday
2008-11-14,704.06,558.6520714285714,Friday
2008-11-15,1.3699999999999999,558.5806428571428,Saturday
2008-11-16,0.0,558.4406428571428,Sunday
2008-11-17,867.8585,563.4047142857142,Monday
2008-11-18,843.08,570.0500714285714,Tuesday
2008-11-19,777.255,567.4757857142857,Wednesday
2008-11-20,792.747,569.4815,Thursday
2008-11-21,758.8835,577.3134285714286,Friday
2008-11-22,2.62,577.4920000000001,Saturday
2008-11-23,0.0,577.4920000000001,Sunday
2008-11-24,850.914,575.0713571428571,Monday
2008-11-25,835.4225,573.9774285714286,Tuesday
2008-11-26,748.6605,569.8925,Wednesday
2008-11-27,0.0,456.64292857142857,Thursday
2008-11-28,683.1525,445.82421428571433,Friday
2008-11-29,708.1800000000001,546.6184999999999,Saturday
2008-11-30,0.0,546.6184999999999,Sunday
2008-12-01,974.6475,564.2947142857143,Monday
2008-12-02,862.7935,568.2048571428571,Tuesday
2008-12-03,861.8275,584.3715714285714,Wednesday
2008-12-04,797.0185,698.2313571428571,Thursday
2008-12-05,771.447,710.8448571428571,Friday
2008-12-06,4.41,610.3062857142857,Saturday
2008-12-07,0.0,610.3062857142857,Sunday
2008-12-08,878.6875,596.5977142857143,Monday
2008-12-09,870.42,597.6872142857143,Tuesday
2008-12-10,830.495,593.2111428571428,Wednesday
2008-12-11,800.129,593.6555,Thursday
2008-12-12,842.548,603.8127857142856,Friday
2008-12-13,6.13,604.0585,Saturday
2008-12-14,0.0,604.0585,Sunday
2008-12-15,874.2845,603.4295,Monday
2008-12-16,911.953,609.3627857142857,Tuesday
2008-12-17,810.96,606.5720714285715,Wednesday
2008-12-18,817.91,609.1122142857142,Thursday
2008-12-19,895.471,616.6726428571429,Friday
2008-12-20,5.3100000000000005,616.5555,Saturday
2008-12-21,0.0,616.5555,Sunday
2008-12-22,843.4135,612.1453571428572,Monday
2008-12-23,772.324,592.1983571428572,Tuesday
2008-12-24,688.895,574.7605,Wednesday
2008-12-25,688.895,556.3297857142858,Thursday
2008-12-26,766.34,537.8824999999999,Friday
2008-12-27,796.235,650.8717857142857,Saturday
2008-12-28,0.0,650.8717857142857,Sunday
2008-12-29,977.622,670.0444285714285,Monday
2008-12-30,979.555,699.6488571428572,Tuesday
2008-12-31,913.295,731.706,Wednesday
2009-01-01,0.0,633.2924285714287,Thursday
2009-01-02,917.3835,654.8700714285715,Friday
2009-01-03,933.745,674.5143571428571,Saturday
2009-01-04,0.0,674.5143571428571,Sunday
2009-01-05,1179.562,703.3629285714286,Monday
2009-01-06,1025.123,709.8726428571429,Tuesday
2009-01-07,1121.437,739.6072142857143,Wednesday
2009-01-08,974.6735,878.8462857142857,Thursday
2009-01-09,835.33,867.1243571428571,Friday
2009-01-10,4.73,734.4079285714287,Saturday
2009-01-11,0.0,734.4079285714287,Sunday
2009-01-12,952.095,701.9126428571428,Monday
2009-01-13,937.7675,689.4332857142857,Tuesday
2009-01-14,837.1335,648.8185000000001,Wednesday
2009-01-15,843.79,630.1208571428572,Thursday
2009-01-16,817.959,627.6392857142857,Friday
2009-01-17,3.13,627.4107142857143,Saturday
2009-01-18,0.0,627.4107142857143,Sunday
2009-01-19,782.3575,603.1625,Monday
2009-01-20,875.8425,594.3160714285714,Tuesday
2009-01-21,781.3045,586.3405,Wednesday
2009-01-22,787.1514999999999,578.2492857142857,Thursday
2009-01-23,797.355,575.3058571428571,Friday
2009-01-24,3.54,575.3644285714284,Saturday
2009-01-25,0.0,575.3644285714284,Sunday
2009-01-26,877.785,588.9969285714286,Monday
2009-01-27,821.3025,581.2054999999999,Tuesday
2009-01-28,686.1949999999999,567.6184285714286,Wednesday
2009-01-29,742.1585,561.1908571428572,Thursday
2009-01-30,751.6,554.6544285714286,Friday
2009-01-31,0.69,554.2472857142858,Saturday
2009-02-01,0.0,554.2472857142858,Sunday
2009-02-02,886.33,555.468,Monday
2009-02-03,818.151,555.0177857142857,Tuesday
2009-02-04,874.54,581.9242142857144,Wednesday
2009-02-05,829.28,594.3701428571428,Thursday
2009-02-06,819.2375,604.0326428571428,Friday
2009-02-07,146.72,624.8940714285715,Saturday
2009-02-08,0.0,624.8940714285715,Sunday
2009-02-09,917.87,629.3997857142857,Monday
2009-02-10,915.4895,643.3052857142857,Tuesday
2009-02-11,862.2625,641.5513571428572,Wednesday
2009-02-12,862.8905,646.3528571428571,Thursday
2009-02-13,843.2945,649.7895714285714,Friday
2009-02-14,167.68,652.7838571428572,Saturday
2009-02-15,0.0,652.7838571428572,Sunday
2009-02-16,883.157,647.8248571428572,Monday
2009-02-17,925.4075,649.2417142857142,Tuesday
2009-02-18,814.155,642.3692142857143,Wednesday
2009-02-19,824.035,636.8184285714286,Thursday
2009-02-20,750.021,623.4936428571428,Friday
2009-02-21,2.28,599.8650714285714,Saturday
2009-02-22,0.0,599.8650714285714,Sunday
2009-02-23,907.485,603.3405,Monday
2009-02-24,880.7495,596.9607857142856,Tuesday
2009-02-25,813.549,596.8742142857143,Wednesday
2009-02-26,785.4185,591.3575714285714,Thursday
2009-02-27,756.444,592.2751428571429,Friday
2009-02-28,2.45,592.2994285714286,Saturday
2009-03-01,0.0,592.2994285714286,Sunday
2009-03-02,894.75,590.4801428571428,Monday
2009-03-03,844.779,585.3414999999999,Tuesday
2009-03-04,790.548,582.0556428571429,Wednesday
2009-03-05,778.5,581.0672857142857,Thursday
2009-03-06,751.3505,580.3396428571428,Friday
2009-03-07,1.56,580.2125,Saturday
2009-03-08,0.0,580.2125,Sunday
2009-03-09,1036.3415,600.4398571428571,Monday
2009-03-10,984.837,620.4481428571428,Tuesday
2009-03-11,999.12,650.2441428571428,Wednesday
2009-03-12,874.5065,663.9593571428571,Thursday
2009-03-13,785.756,668.8744285714286,Friday
2009-03-14,3.6599999999999997,669.1744285714285,Saturday
2009-03-15,0.0,669.1744285714285,Sunday
2009-03-16,960.45,658.3327857142857,Monday
2009-03-17,887.66,644.4503571428571,Tuesday
2009-03-18,861.274,624.7580714285714,Wednesday
2009-03-19,825.1800000000001,617.7114285714285,Thursday
2009-03-20,780.165,616.9127142857143,Friday
2009-03-21,2.52,616.7498571428571,Saturday
2009-03-22,0.0,616.7498571428571,Sunday
2009-03-23,1226.987,654.8265714285715,Monday
2009-03-24,1027.8,674.8465714285715,Tuesday
2009-03-25,1166.3725,718.4320714285715,Wednesday
2009-03-26,960.1245,737.7098571428571,Thursday
2009-03-27,830.16,744.852,Friday
2009-03-28,4.19,745.0905714285715,Saturday
2009-03-29,0.0,745.0905714285715,Sunday
2009-03-30,1083.109,724.5365714285714,Monday
2009-03-31,943.1535,712.4442142857142,Tuesday
2009-04-01,1169.9505,712.9553571428571,Wednesday
2009-04-02,970.336,714.4141428571428,Thursday
2009-04-03,910.9425,725.9544999999999,Friday
2009-04-04,3.8400000000000003,725.9045,Saturday
2009-04-05,0.0,725.9045,Sunday
2009-04-06,1045.9675,720.5985714285714,Monday
2009-04-07,1035.5435,733.7971428571428,Tuesday
2009-04-08,1033.9625,714.3702857142858,Wednesday
2009-04-09,1011.6015,720.2653571428572,Thursday
2009-04-10,904.9975,719.4160714285714,Friday
2009-04-11,1.9,719.1389285714287,Saturday
2009-04-12,0.0,719.1389285714287,Sunday
2009-04-13,1059.31,721.045,Monday
2009-04-14,967.114,711.2693571428572,Tuesday
2009-04-15,1048.966,713.4127142857143,Wednesday
2009-04-16,944.958,703.8922142857143,Thursday
2009-04-17,856.235,696.9261428571428,Friday
2009-04-18,3.4000000000000004,697.1404285714286,Saturday
2009-04-19,0.0,697.1404285714286,Sunday
2009-04-20,1051.72,696.0561428571428,Monday
2009-04-21,971.4825,696.6802142857143,Tuesday
2009-04-22,947.4625,682.1797142857142,Wednesday
2009-04-23,890.454,674.3934285714286,Thursday
2009-04-24,837.364,671.6975714285715,Friday
2009-04-25,4.140000000000001,671.8032857142858,Saturday
2009-04-26,0.0,671.8032857142858,Sunday
2009-04-27,1028.23,668.4475714285715,Monday
2009-04-28,918.757,660.9153571428571,Tuesday
2009-04-29,881.16,651.4435714285713,Wednesday
2009-04-30,832.516,643.1667142857143,Thursday
2009-05-01,860.394,646.4567142857143,Friday
2009-05-02,1.69,646.1067142857144,Saturday
2009-05-03,0.0,646.1067142857144,Sunday
2009-05-04,1052.7295,649.6066428571428,Monday
2009-05-05,1041.6205,667.1585714285713,Tuesday
2009-05-06,968.0600000000001,679.5728571428572,Wednesday
2009-05-07,986.035,701.5041428571428,Thursday
2009-05-08,905.1465000000001,707.8973571428571,Friday
2009-05-09,3.0,708.0844999999999,Saturday
2009-05-10,0.0,708.0844999999999,Sunday
2009-05-11,1011.0945,702.1366428571429,Monday
2009-05-12,908.9905,683.1895000000001,Tuesday
2009-05-13,888.4295,671.8137142857142,Wednesday
2009-05-14,862.43,654.1558571428571,Thursday
2009-05-15,773.8485,635.399,Friday
2009-05-16,3.49,635.4689999999999,Saturday
2009-05-17,0.0,635.4689999999999,Sunday
2009-05-18,993.84,633.0040714285714,Monday
2009-05-19,938.082,637.16,Tuesday
2009-05-20,889.0955,637.2551428571429,Wednesday
2009-05-21,839.3835,633.9627857142857,Thursday
2009-05-22,836.62,642.9301428571428,Friday
2009-05-23,4.07,643.013,Saturday
2009-05-24,0.0,643.013,Sunday
2009-05-25,805.3745,616.0893571428571,Monday
2009-05-26,882.3185,608.1231428571429,Tuesday
2009-05-27,890.2475000000001,608.2877142857143,Wednesday
2009-05-28,835.86,607.7843571428572,Thursday
2009-05-29,799.6035,602.4962857142857,Friday
2009-05-30,2.6799999999999997,602.2977142857144,Saturday
2009-05-31,0.0,602.2977142857144,Sunday
2009-06-01,1083.37,642.0113571428572,Monday
2009-06-02,943.542,650.7575714285714,Tuesday
2009-06-03,895.7525,651.544,Wednesday
2009-06-04,842.3820000000001,652.4757142857143,Thursday
2009-06-05,868.0555,662.2545714285715,Friday
2009-06-06,3.02,662.3031428571428,Saturday
2009-06-07,0.0,662.3031428571428,Sunday
2009-06-08,1013.369,652.303,Monday
2009-06-09,865.3225,641.1287857142858,Tuesday
2009-06-10,883.1125,639.3230714285716,Wednesday
2009-06-11,806.065,634.1349285714286,Thursday
2009-06-12,815.6795,626.6526428571427,Friday
2009-06-13,3.38,626.7040714285714,Saturday
2009-06-14,0.0,626.7040714285714,Sunday
2009-06-15,941.38,616.4199285714286,Monday
2009-06-16,934.444,626.2944285714285,Tuesday
2009-06-17,941.5665,634.6450000000001,Wednesday
2009-06-18,829.66,638.0157142857142,Thursday
2009-06-19,786.4985,633.847,Friday
2009-06-20,3.7800000000000002,633.9041428571428,Saturday
2009-06-21,0.0,633.9041428571428,Sunday
2009-06-22,937.2255,633.3106428571429,Monday
2009-06-23,874.4165,624.7352857142857,Tuesday
2009-06-24,854.714,612.3277857142857,Wednesday
2009-06-25,784.24,605.8392142857143,Thursday
2009-06-26,754.8775,601.3219285714287,Friday
2009-06-27,2.39,601.1233571428571,Saturday
2009-06-28,0.0,601.1233571428571,Sunday
2009-06-29,880.89,593.0754285714286,Monday
2009-06-30,841.68,588.3987857142856,Tuesday
2009-07-01,809.1765,581.8934285714286,Wednesday
2009-07-02,781.8925,581.5580714285715,Thursday
2009-07-03,836.035,593.152,Friday
2009-07-04,1.59,593.0377142857143,Saturday
2009-07-05,0.0,593.0377142857143,Sunday
2009-07-06,973.939,606.3304285714286,Monday
2009-07-07,863.798,609.4901428571429,Tuesday
2009-07-08,805.6435,608.9854285714285,Wednesday
2009-07-09,778.3235,608.4755714285714,Thursday
2009-07-10,770.5985,599.1274999999999,Friday
2009-07-11,3.6799999999999997,599.4260714285714,Saturday
2009-07-12,0.0,599.4260714285714,Sunday
2009-07-13,889.51,587.3647857142857,Monday
2009-07-14,852.399,585.7363571428571,Tuesday
2009-07-15,806.724,585.8907142857142,Wednesday
2009-07-16,769.66,584.6530714285715,Thursday
2009-07-17,762.63,583.5147142857143,Friday
2009-07-18,2.0,583.2747142857143,Saturday
2009-07-19,0.0,583.2747142857143,Sunday
2009-07-20,858.63,578.8632857142858,Monday
2009-07-21,801.3475,571.5702142857143,Tuesday
2009-07-22,771.0045,566.4674285714285,Wednesday
2009-07-23,720.3645,559.4252142857143,Thursday
2009-07-24,689.81,549.0223571428571,Friday
2009-07-25,3.12,549.1823571428571,Saturday
2009-07-26,0.0,549.1823571428571,Sunday
2009-07-27,844.63,547.1823571428571,Monday
2009-07-28,810.44,548.4812857142857,Tuesday
2009-07-29,763.671,547.4336428571429,Wednesday
2009-07-30,726.515,548.3122857142857,Thursday
2009-07-31,737.5545,555.1329285714286,Friday
2009-08-01,2.66,555.0672142857144,Saturday
2009-08-02,2.66,555.4472142857143,Sunday
2009-08-03,867.057,558.6510714285714,Monday
2009-08-04,791.9375,556.0078571428572,Tuesday
2009-08-05,773.8745,557.4655,Wednesday
2009-08-06,728.555,557.7569285714286,Thursday
2009-08-07,691.872,551.2308571428572,Friday
2009-08-08,1.92,551.1251428571428,Saturday
2009-08-09,1.92,551.0194285714285,Sunday
2009-08-10,857.54,549.659857142857,Monday
2009-08-11,788.526,549.1724999999999,Tuesday
2009-08-12,728.97,542.7575714285714,Wednesday
2009-08-13,718.5585,541.3294999999999,Thursday
2009-08-14,685.546,540.4257857142858,Friday
2009-08-15,6.09,541.0215000000001,Saturday
2009-08-16,6.09,541.6172142857142,Sunday
2009-08-17,834.4,538.3115,Monday
2009-08-18,809.905,541.3656428571429,Tuesday
2009-08-19,757.4165,545.4294285714285,Wednesday
2009-08-20,683.1605,540.3725714285714,Thursday
2009-08-21,684.8745,540.2766428571429,Friday
2009-08-22,3.09,539.8480714285714,Saturday
2009-08-23,3.09,539.4195000000001,Sunday
2009-08-24,862.105,543.3773571428571,Monday
2009-08-25,852.01,549.3923571428571,Tuesday
2009-08-26,771.8675,551.4567857142857,Wednesday
2009-08-27,759.354,562.3415714285715,Thursday
2009-08-28,738.5525,570.0098571428572,Friday
2009-08-29,2.44,569.917,Saturday
2009-08-30,0.0,569.4755714285714,Sunday
2009-08-31,895.25,574.2105714285715,Monday
2009-09-01,847.284,573.5354285714286,Tuesday
2009-09-02,799.116,577.4280714285715,Wednesday
2009-09-03,716.608,571.3215,Thursday
2009-09-04,690.206,564.4148571428572,Friday
2009-09-05,6.98,565.0634285714285,Saturday
2009-09-06,0.0,565.0634285714285,Sunday
2009-09-07,716.975,539.5955714285714,Monday
2009-09-08,841.643,538.7897142857144,Tuesday
2009-09-09,787.14,537.0788571428571,Wednesday
2009-09-10,783.025,546.567,Thursday
2009-09-11,765.5,557.3232857142857,Friday
2009-09-12,1.36,556.5204285714286,Saturday
2009-09-13,1.36,556.7147142857143,Sunday
2009-09-14,1007.323,598.1930000000001,Monday
2009-09-15,893.12,605.5468571428572,Tuesday
2009-09-16,804.2425,607.9900714285714,Wednesday
2009-09-17,785.7615,608.3810000000001,Thursday
2009-09-18,768.706,608.839,Friday
2009-09-19,1.87,608.9118571428571,Saturday
2009-09-20,1.87,608.9847142857143,Sunday
2009-09-21,909.1195,594.955642857143,Monday
2009-09-22,899.1145,595.812,Tuesday
2009-09-23,812.15,596.9416428571428,Wednesday
2009-09-24,813.096,600.8465714285715,Thursday
2009-09-25,846.956,612.0251428571429,Friday
2009-09-26,2.4299999999999997,612.1051428571428,Saturday
2009-09-27,2.4299999999999997,612.1851428571429,Sunday
2009-09-28,910.5855,612.3945714285716,Monday
2009-09-29,818.09,600.8196428571429,Tuesday
2009-09-30,796.6365,598.6034285714286,Wednesday
2009-10-01,776.24,593.3382857142858,Thursday
2009-10-02,784.25,584.3802857142857,Friday
2009-10-03,3.1,584.476,Saturday
2009-10-04,0.0,584.1288571428571,Sunday
2009-10-05,845.5155,574.8331428571429,Monday
2009-10-06,845.925,578.8095714285714,Tuesday
2009-10-07,776.419,575.9213571428571,Wednesday
2009-10-08,743.4915,571.243,Thursday
2009-10-09,811.6115,575.1517857142857,Friday
2009-10-10,3.5999999999999996,575.2232142857143,Saturday
2009-10-11,3.5999999999999996,575.7375,Sunday
2009-10-12,874.1475,579.8277857142857,Monday
2009-10-13,826.859,577.1040714285715,Tuesday
2009-10-14,746.864,572.8819285714286,Wednesday
2009-10-15,727.947,570.6612857142857,Thursday
2009-10-16,721.7835,557.8287142857142,Friday
2009-10-17,12.780000000000001,559.1401428571429,Saturday
2009-10-18,12.780000000000001,560.4515714285715,Sunday
2009-10-19,925.107,567.7315,Monday
2009-10-20,910.394,579.6650714285714,Tuesday
2009-10-21,793.264,586.2936428571429,Wednesday
2009-10-22,765.85,591.7083571428573,Thursday
2009-10-23,799.6255,602.8286428571429,Friday
2009-10-24,2.93,601.4215000000002,Saturday
2009-10-25,2.93,600.0143571428571,Sunday
2009-10-26,899.747,596.3915,Monday
2009-10-27,817.38,583.1037857142857,Tuesday
2009-10-28,822.1685,587.233,Wednesday
2009-10-29,812.338,593.8741428571428,Thursday
2009-10-30,771.8735,589.9095714285714,Friday
2009-10-31,4.34,590.1109999999999,Saturday
2009-11-01,0.0,589.6924285714285,Sunday
2009-11-02,927.69,593.6842857142857,Monday
2009-11-03,910.465,606.9821428571429,Tuesday
2009-11-04,788.4965,602.1718571428572,Wednesday
2009-11-05,780.2355,597.5857857142857,Thursday
2009-11-06,833.16,606.3410000000001,Friday
2009-11-07,10.46,607.2152857142856,Saturday
2009-11-08,2.6,607.5867142857143,Sunday
2009-11-09,896.5605,603.1396428571428,Monday
2009-11-10,850.4295,594.5631428571429,Tuesday
2009-11-11,769.13,591.7965,Wednesday
2009-11-12,780.1535,591.7847857142857,Thursday
2009-11-13,773.76,583.2990714285714,Friday
2009-11-14,6.99,582.8033571428571,Saturday
2009-11-15,6.99,583.4305,Sunday
2009-11-16,959.25,592.3861428571428,Monday
2009-11-17,861.581,593.9792142857142,Tuesday
2009-11-18,841.1775,604.2717142857143,Wednesday
2009-11-19,838.8425,612.655857142857,Thursday
2009-11-20,828.211,620.4345714285715,Friday
2009-11-21,1.65,619.6717142857143,Saturday
2009-11-22,1.65,618.9088571428572,Sunday
2009-11-23,951.256,617.7668571428572,Monday
2009-11-24,864.25,618.148142857143,Tuesday
2009-11-25,768.0120000000001,607.6959285714286,Wednesday
2009-11-26,0.0,487.8612857142857,Thursday
2009-11-27,634.865,460.2404285714286,Friday
2009-11-28,756.0575,568.0129285714286,Saturday
2009-11-29,756.0575,675.7854285714285,Sunday
2009-11-30,1021.16,685.7717142857143,Monday
2009-12-01,963.49,699.9488571428572,Tuesday
2009-12-02,896.085,718.245,Wednesday
2009-12-03,859.164,840.9827142857145,Thursday
2009-12-04,803.0685,865.0117857142857,Friday
2009-12-05,5.93,757.8507142857143,Saturday
2009-12-06,5.93,650.6896428571428,Sunday
2009-12-07,924.9,636.9382142857143,Monday
2009-12-08,871.6615,623.8198571428572,Tuesday
2009-12-09,803.67,610.6177142857143,Wednesday
2009-12-10,767.09,597.4642857142857,Thursday
2009-12-11,817.96,599.5916428571428,Friday
2009-12-12,4.93,599.4487857142857,Saturday
2009-12-13,4.93,599.3059285714287,Sunday
2009-12-14,912.13,597.4816428571429,Monday
2009-12-15,925.78,605.2128571428572,Tuesday
2009-12-16,819.667,607.4981428571429,Wednesday
2009-12-17,845.8975,618.7563571428572,Thursday
2009-12-18,937.59,635.8463571428572,Friday
2009-12-19,2.58,635.5106428571428,Saturday
2009-12-20,2.58,635.1749285714286,Sunday
2009-12-21,940.99,639.2977857142857,Monday
2009-12-22,915.1899999999999,637.7849285714285,Tuesday
2009-12-23,794.15,634.1396428571428,Wednesday
2009-12-24,764.03,622.4442857142857,Thursday
2009-12-25,764.03,597.65,Friday
2009-12-26,784.83,709.4,Saturday
2009-12-27,784.83,821.15,Sunday
2009-12-28,970.74,825.4,Monday
2009-12-29,925.3195,826.8470714285714,Tuesday
2009-12-30,836.9265,832.958,Wednesday
2009-12-31,875.888,848.9377142857144,Thursday
2010-01-01,0.0,739.7905714285714,Friday
2010-01-02,882.06,753.6805714285714,Saturday
2010-01-03,882.06,767.5705714285714,Sunday
2010-01-04,1076.911,782.7378571428571,Monday
2010-01-05,998.9535,793.2569999999998,Tuesday
2010-01-06,988.103,814.8536428571427,Wednesday
2010-01-07,896.772,817.8370714285713,Thursday
2010-01-08,777.9925,928.9788571428571,Friday
2010-01-09,3.91,803.5288571428571,Saturday
2010-01-10,3.91,678.0788571428571,Sunday
2010-01-11,925.1925,656.4047857142857,Monday
2010-01-12,858.71,636.37,Tuesday
2010-01-13,810.21,610.9567142857143,Wednesday
2010-01-14,770.6,592.9321428571428,Thursday
2010-01-15,825.6025,599.7335714285715,Friday
2010-01-16,3.27,599.6421428571429,Saturday
2010-01-17,3.27,599.5507142857143,Sunday
2010-01-18,855.93,589.6560714285715,Monday
2010-01-19,928.121,599.5719285714285,Tuesday
2010-01-20,853.4395,605.7475714285714,Wednesday
2010-01-21,805.59,610.7461428571429,Thursday
2010-01-22,877.7135000000001,618.1905714285714,Friday
2010-01-23,8.45,618.9305714285714,Saturday
2010-01-24,8.45,619.6705714285714,Sunday
2010-01-25,947.665,632.7755714285714,Monday
2010-01-26,874.514,625.1174285714286,Tuesday
2010-01-27,817.7805,620.0232857142856,Wednesday
2010-01-28,806.32,620.1275714285714,Thursday
2010-01-29,858.4915,617.3815714285714,Friday
2010-01-30,8.65,617.4101428571429,Saturday
2010-01-31,0.0,616.2030000000001,Sunday
2010-02-01,849.1,602.1222857142857,Monday
2010-02-02,811.67,593.1445714285713,Tuesday
2010-02-03,720.571,579.2574999999999,Wednesday
2010-02-04,663.39,558.8389285714286,Thursday
2010-02-05,688.5504999999999,534.5616428571428,Friday
2010-02-06,7.87,534.4502142857143,Saturday
2010-02-07,7.87,535.5745,Sunday
2010-02-08,870.045,538.5666428571428,Monday
2010-02-09,833.2845,541.6544285714286,Tuesday
2010-02-10,748.6899999999999,545.6714285714286,Wednesday
2010-02-11,711.79,552.5857142857142,Thursday
2010-02-12,732.5905,558.8771428571429,Friday
2010-02-13,2.18,558.0642857142857,Saturday
2010-02-14,2.75,557.3328571428572,Sunday
2010-02-15,807.2425,548.3610714285713,Monday
2010-02-16,803.75,544.141857142857,Tuesday
2010-02-17,736.304,542.3724285714286,Wednesday
2010-02-18,742.038,546.6935714285714,Thursday
2010-02-19,775.4325,552.813857142857,Friday
2010-02-20,5.609999999999999,553.3038571428572,Saturday
2010-02-21,5.609999999999999,553.7124285714286,Sunday
2010-02-22,959.42,575.4520714285715,Monday
2010-02-23,775.305,571.3885,Tuesday
2010-02-24,789.6725,579.0125714285714,Wednesday
2010-02-25,804.4815,587.9330714285715,Thursday
2010-02-26,846.127,598.0322857142856,Friday
2010-02-27,1.77,597.4837142857143,Saturday
2010-02-28,1.77,596.9351428571428,Sunday
2010-03-01,966.0385,597.8806428571428,Monday
2010-03-02,876.176,612.2907857142857,Tuesday
2010-03-03,854.922,621.6121428571429,Wednesday
2010-03-04,795.2015,620.2864285714286,Thursday
2010-03-05,788.687,612.0807142857142,Friday
2010-03-06,4.3100000000000005,612.4435714285715,Saturday
2010-03-07,4.3100000000000005,612.8064285714285,Sunday
2010-03-08,922.966,606.6532142857143,Monday
2010-03-09,939.56,615.7080714285714,Tuesday
2010-03-10,867.4185,617.4932857142857,Wednesday
2010-03-11,873.22,628.6387857142856,Thursday
2010-03-12,890.68,643.2092142857143,Friday
2010-03-13,2.2,642.9077857142858,Saturday
2010-03-14,2.2,642.6063571428571,Sunday
2010-03-15,1224.82,685.7283571428571,Monday
2010-03-16,1093.648,707.7409285714285,Tuesday
2010-03-17,1103.857,741.5178571428571,Wednesday
2010-03-18,1015.73,761.8764285714285,Thursday
2010-03-19,915.77,765.4607142857143,Friday
2010-03-20,4.47,765.785,Saturday
2010-03-21,0.0,765.4707142857142,Sunday
2010-03-22,1147.0735,754.3640714285714,Monday
2010-03-23,1092.6235,754.2177142857142,Tuesday
2010-03-24,1087.014,751.8115714285714,Wednesday
2010-03-25,944.016,741.5667142857143,Thursday
2010-03-26,907.7005,740.4139285714284,Friday
2010-03-27,1.8199999999999998,740.0353571428572,Saturday
2010-03-28,1.8199999999999998,740.2953571428571,Sunday
2010-03-29,1280.31,759.3291428571429,Monday
2010-03-30,1131.27,764.8500714285714,Tuesday
2010-03-31,1173.793,777.2470714285713,Wednesday
2010-04-01,1108.2815,800.7135714285715,Thursday
2010-04-02,984.47,811.6806428571427,Friday
2010-04-03,2.77,811.8163571428571,Saturday
2010-04-04,2.77,811.9520714285715,Sunday
2010-04-05,1174.31,796.8092142857142,Monday
2010-04-06,1051.679,785.4390714285715,Tuesday
2010-04-07,1138.7995,780.4400000000002,Wednesday
2010-04-08,975.3265,761.4464285714287,Thursday
2010-04-09,928.9014999999999,753.5080714285715,Friday
2010-04-10,1.84,753.3752142857142,Saturday
2010-04-11,1.84,753.2423571428571,Sunday
2010-04-12,1154.01,750.3423571428572,Monday
2010-04-13,1050.6405,750.1940000000001,Tuesday
2010-04-14,1054.9655,738.2177142857142,Wednesday
2010-04-15,976.62,738.4024999999999,Thursday
2010-04-16,919.758,737.0962857142857,Friday
2010-04-17,11.07,738.4148571428572,Saturday
2010-04-18,11.07,739.7334285714286,Sunday
2010-04-19,1094.896,731.2885714285715,Monday
2010-04-20,1006.4735,724.979,Tuesday
2010-04-21,973.029,713.2737857142856,Wednesday
2010-04-22,925.3555,705.9502857142858,Thursday
2010-04-23,881.708,700.5145714285715,Friday
2010-04-24,2.54,699.296,Saturday
2010-04-25,2.54,698.0774285714285,Sunday
2010-04-26,1115.61,701.0365714285714,Monday
2010-04-27,953.193,693.4250714285714,Tuesday
2010-04-28,1027.6435,701.2271428571429,Wednesday
2010-04-29,902.4415,697.9537142857143,Thursday
2010-04-30,900.085,700.579,Friday
2010-05-01,3.01,700.6461428571429,Saturday
2010-05-02,3.01,700.7132857142858,Sunday
2010-05-03,1011.4675,685.8357857142856,Monday
2010-05-04,981.25,689.8439285714285,Tuesday
2010-05-05,887.053,669.7595714285715,Wednesday
2010-05-06,842.8715,661.2495714285715,Thursday
2010-05-07,838.93,652.5131428571428,Friday
2010-05-08,2.49,652.4388571428572,Saturday
2010-05-09,2.49,652.3645714285714,Sunday
2010-05-10,944.12,642.7434999999999,Monday
2010-05-11,886.4345,629.1984285714286,Tuesday
2010-05-12,885.2345,628.9386428571428,Wednesday
2010-05-13,838.686,628.3407142857143,Thursday
2010-05-14,797.1735,622.3755,Friday
2010-05-15,6.63,622.9669285714286,Saturday
2010-05-16,6.63,623.5583571428572,Sunday
2010-05-17,968.07,626.9797857142858,Monday
2010-05-18,894.2735,628.0996428571428,Tuesday
2010-05-19,861.42,624.6975714285715,Wednesday
2010-05-20,853.3325,626.7899285714285,Thursday
2010-05-21,890.0425,640.0569285714286,Friday
2010-05-22,2.0100000000000002,639.3969285714286,Saturday
2010-05-23,2.0100000000000002,638.7369285714285,Sunday
2010-05-24,1034.506,648.2277857142857,Monday
2010-05-25,956.454,657.1107142857143,Tuesday
2010-05-26,928.062,666.6310000000001,Wednesday
2010-05-27,832.3195000000001,663.6291428571429,Thursday
2010-05-28,810.1815,652.2204285714286,Friday
2010-05-29,2.81,652.3347142857143,Saturday
2010-05-30,2.81,652.4490000000002,Sunday
2010-05-31,786.08,616.9595714285715,Monday
2010-06-01,898.406,608.667,Tuesday
2010-06-02,867.51,600.0167142857143,Wednesday
2010-06-03,831.9075,599.9578571428572,Thursday
2010-06-04,886.356,610.8399285714286,Friday
2010-06-05,4.800000000000001,611.1242142857143,Saturday
2010-06-06,4.800000000000001,611.4085000000001,Sunday
2010-06-07,1094.8035,655.5118571428573,Monday
2010-06-08,930.2085,660.0550714285715,Tuesday
2010-06-09,899.0255,664.5572857142857,Wednesday
2010-06-10,876.275,670.8954999999999,Thursday
2010-06-11,837.403,663.9022142857142,Friday
2010-06-12,6.1000000000000005,664.0879285714285,Saturday
2010-06-13,6.1000000000000005,664.2736428571427,Sunday
2010-06-14,1029.98,655.0131428571428,Monday
2010-06-15,920.4175,653.6144285714287,Tuesday
2010-06-16,849.27,646.5065000000001,Wednesday
2010-06-17,809.0795,636.907142857143,Thursday
2010-06-18,794.12,630.7238571428571,Friday
2010-06-19,3.5300000000000002,630.3567142857142,Saturday
2010-06-20,0.0,629.4852857142857,Sunday
2010-06-21,939.49,616.5581428571429,Monday
2010-06-22,863.4445000000001,608.4191428571429,Tuesday
2010-06-23,810.29,602.8505714285714,Wednesday
2010-06-24,767.376,596.8929285714286,Thursday
2010-06-25,752.81,590.9915,Friday
2010-06-26,3.93,591.0486428571429,Saturday
2010-06-27,3.93,591.6100714285715,Sunday
2010-06-28,916.765,588.3636428571428,Monday
2010-06-29,843.516,585.5167142857143,Tuesday
2010-06-30,786.45,582.111,Wednesday
2010-07-01,753.04,580.063,Thursday
2010-07-02,771.7195,582.7643571428572,Friday
2010-07-03,3.2199999999999998,582.6629285714286,Saturday
2010-07-04,3.2199999999999998,582.5615,Sunday
2010-07-05,847.825,572.7129285714285,Monday
2010-07-06,885.2685,578.6775714285715,Tuesday
2010-07-07,834.9005,585.5990714285715,Wednesday
2010-07-08,811.5015,593.9507142857143,Thursday
2010-07-09,779.0025,594.9911428571429,Friday
2010-07-10,2.95,594.9525714285713,Saturday
2010-07-11,2.95,594.914,Sunday
2010-07-12,1016.7,619.039,Monday
2010-07-13,887.1129999999999,619.3025,Tuesday
2010-07-14,790.34,612.9367142857144,Wednesday
2010-07-15,813.84,613.2707857142857,Thursday
2010-07-16,826.63,620.0747142857143,Friday
2010-07-17,3.4899999999999998,620.1518571428571,Saturday
2010-07-18,3.4899999999999998,620.229,Sunday
2010-07-19,957.22,611.731857142857,Monday
2010-07-20,891.4540000000001,612.352,Tuesday
2010-07-21,809.9475,615.1530714285715,Wednesday
2010-07-22,799.178,613.0585,Thursday
2010-07-23,789.3805,607.7371428571429,Friday
2010-07-24,1.17,607.4057142857143,Saturday
2010-07-25,1.17,607.0742857142858,Sunday
2010-07-26,888.2175,597.2167857142857,Monday
2010-07-27,862.8,593.1233571428571,Tuesday
2010-07-28,758.2055,585.7316428571429,Wednesday
2010-07-29,785.3055,583.7498571428572,Thursday
2010-07-30,837.0085,590.5538571428572,Friday
2010-07-31,1.5599999999999998,590.6095714285714,Saturday
2010-08-01,1.5599999999999998,590.6652857142857,Sunday
2010-08-02,888.14,590.6542142857143,Monday
2010-08-03,828.9675,585.821,Tuesday
2010-08-04,827.922,595.7805,Wednesday
2010-08-05,727.43,587.5125714285714,Thursday
2010-08-06,757.9065,576.2122857142857,Friday
2010-08-07,3.35,576.4680000000001,Saturday
2010-08-08,3.35,576.7237142857143,Sunday
2010-08-09,850.8875,571.4019285714286,Monday
2010-08-10,827.321,571.1667142857143,Tuesday
2010-08-11,765.718,562.2804285714286,Wednesday
2010-08-12,752.8,565.9047142857144,Thursday
2010-08-13,797.56,571.5695,Friday
2010-08-14,3.73,571.6237857142856,Saturday
2010-08-15,3.73,571.6780714285713,Sunday
2010-08-16,875.46,575.1884285714285,Monday
2010-08-17,821.8975,574.4136428571428,Tuesday
2010-08-18,775.596,575.8247857142858,Wednesday
2010-08-19,721.9015,571.4107142857143,Thursday
2010-08-20,720.412,560.3895714285715,Friday
2010-08-21,3.2600000000000002,560.3224285714286,Saturday
2010-08-22,3.2600000000000002,560.2552857142857,Sunday
2010-08-23,891.795,562.5888571428571,Monday
2010-08-24,860.5615,568.1122857142857,Tuesday
2010-08-25,795.63,570.9742857142857,Wednesday
2010-08-26,762.915,576.8333571428572,Thursday
2010-08-27,802.842,588.6090714285714,Friday
2010-08-28,2.28,588.4690714285714,Saturday
2010-08-29,2.28,588.3290714285714,Sunday
2010-08-30,938.76,595.0383571428572,Monday
2010-08-31,850.3225,593.575642857143,Tuesday
2010-09-01,774.191,590.5129285714286,Wednesday
2010-09-02,723.91,584.9407857142858,Thursday
2010-09-03,745.7,576.7776428571428,Friday
2010-09-04,2.68,576.8347857142857,Saturday
2010-09-05,2.68,576.8919285714286,Sunday
2010-09-06,758.26,551.1062142857144,Monday
2010-09-07,828.6025,548.0033571428572,Tuesday
2010-09-08,856.7,559.7903571428571,Wednesday
2010-09-09,818.3925,573.2878571428571,Thursday
2010-09-10,897.1995,594.9306428571429,Friday
2010-09-11,2.9899999999999998,594.9749285714286,Saturday
2010-09-12,2.9899999999999998,595.0192142857143,Sunday
2010-09-13,1036.758,634.8046428571428,Monday
2010-09-14,943.24,651.1814285714287,Tuesday
2010-09-15,912.2595,659.1184999999999,Wednesday
2010-09-16,872.02,666.7795714285714,Thursday
2010-09-17,824.34,656.3710714285714,Friday
2010-09-18,1.7600000000000002,656.1953571428572,Saturday
2010-09-19,1.7600000000000002,656.0196428571429,Sunday
2010-09-20,920.12,639.3570714285714,Monday
2010-09-21,894.1615,632.3458571428572,Tuesday
2010-09-22,828.764,620.4179285714287,Wednesday
2010-09-23,802.5475,610.4932857142858,Thursday
2010-09-24,812.73,608.8347142857143,Friday
2010-09-25,4.13,609.1732857142857,Saturday
2010-09-26,4.13,609.5118571428571,Sunday
2010-09-27,926.212,610.3821428571429,Monday
2010-09-28,884.453,608.9952142857144,Tuesday
2010-09-29,841.842,610.8635,Wednesday
2010-09-30,778.02,607.3595714285714,Thursday
2010-10-01,783.975,603.2517142857142,Friday
2010-10-02,3.22,603.1217142857142,Saturday
2010-10-03,3.22,602.9917142857141,Sunday
2010-10-04,886.88,597.3728571428571,Monday
2010-10-05,881.3225,596.9256428571429,Tuesday
2010-10-06,788.086,589.2462142857142,Wednesday
2010-10-07,756.425,586.1612142857142,Thursday
2010-10-08,797.09,588.0347857142858,Friday
2010-10-09,3.46,588.0690714285713,Saturday
2010-10-10,3.46,588.1033571428571,Sunday
2010-10-11,887.9305,588.2534285714285,Monday
2010-10-12,841.024,582.4965,Tuesday
2010-10-13,758.7865,578.3108571428571,Wednesday
2010-10-14,757.4375,578.4555,Thursday
2010-10-15,748.601,571.5285,Friday
2010-10-16,3.4,571.5199285714286,Saturday
2010-10-17,3.4,571.5113571428572,Sunday
2010-10-18,857.195,567.1205714285715,Monday
2010-10-19,864.9705,570.5415,Tuesday
2010-10-20,796.3645,575.9097857142857,Wednesday
2010-10-21,749.4705,574.7716428571429,Thursday
2010-10-22,779.892,579.2417857142857,Friday
2010-10-23,0.96,578.8932142857143,Saturday
2010-10-24,0.96,578.5446428571429,Sunday
2010-10-25,882.5295,582.1638571428572,Monday
2010-10-26,867.87,582.5780714285714,Tuesday
2010-10-27,775.924,579.658,Wednesday
2010-10-28,751.0525,579.884,Thursday
2010-10-29,744.462,574.8225714285715,Friday
2010-10-30,1.4600000000000002,574.894,Saturday
2010-10-31,1.4600000000000002,574.9654285714286,Sunday
2010-11-01,915.993,579.7459285714286,Monday
2010-11-02,918.2255,586.9395714285713,Tuesday
2010-11-03,754.5065,583.8799285714285,Wednesday
2010-11-04,742.9815,582.7269285714285,Thursday
2010-11-05,795.845,590.0673571428571,Friday
2010-11-06,1.83,590.1202142857143,Saturday
2010-11-07,1.83,590.1730714285715,Sunday
2010-11-08,930.5725,592.2558571428572,Monday
2010-11-09,856.835,583.4857857142857,Tuesday
2010-11-10,822.9,593.2562857142857,Wednesday
2010-11-11,766.7,596.6446428571428,Thursday
2010-11-12,856.8004999999999,605.3525714285714,Friday
2010-11-13,3.42,605.5797142857143,Saturday
2010-11-14,3.42,605.8068571428572,Sunday
2010-11-15,887.77,599.6922142857142,Monday
2010-11-16,905.74,606.6786428571429,Tuesday
2010-11-17,788.785,601.8050714285715,Wednesday
2010-11-18,799.833,606.5383571428572,Thursday
2010-11-19,809.692,599.8085714285714,Friday
2010-11-20,2.31,599.65,Saturday
2010-11-21,2.31,599.4914285714285,Sunday
2010-11-22,970.291,611.2801428571429,Monday
2010-11-23,930.23,614.7787142857143,Tuesday
2010-11-24,855.02,624.2408571428572,Wednesday
2010-11-25,0.0,509.979,Thursday
2010-11-26,698.36,494.0744285714286,Friday
2010-11-27,776.3325,604.6490714285713,Saturday
2010-11-28,776.3325,715.2237142857142,Sunday
2010-11-29,1048.0105,726.3265,Monday
2010-11-30,1029.122,740.4539285714285,Tuesday
2010-12-01,948.5215000000001,753.8112857142858,Wednesday
2010-12-02,897.2275,881.9866428571429,Thursday
2010-12-03,913.4265,912.7104285714287,Friday
2010-12-04,2.37,802.1443571428572,Saturday
2010-12-05,2.37,691.5782857142857,Sunday
2010-12-06,1002.95,685.1410714285714,Monday
2010-12-07,931.05,671.1307857142857,Tuesday
2010-12-08,857.64,658.1477142857144,Wednesday
2010-12-09,851.617,651.6319285714286,Thursday
2010-12-10,869.307,645.3291428571429,Friday
2010-12-11,4.23,645.5948571428571,Saturday
2010-12-12,4.23,645.8605714285715,Sunday
2010-12-13,901.2385,631.3303571428571,Monday
2010-12-14,906.78,627.8632142857142,Tuesday
2010-12-15,780.4475,616.8357142857143,Wednesday
2010-12-16,821.11,612.4775714285714,Thursday
2010-12-17,849.225,609.6087142857143,Friday
2010-12-18,3.29,609.4744285714286,Saturday
2010-12-19,3.29,609.340142857143,Sunday
2010-12-20,905.17,609.9017857142857,Monday
2010-12-21,893.444,607.9966428571428,Tuesday
2010-12-22,834.87,615.7712857142857,Wednesday
2010-12-23,744.83,604.8741428571429,Thursday
2010-12-24,744.51,589.914857142857,Friday
2010-12-25,744.51,695.8034285714285,Saturday
2010-12-26,744.51,801.692,Sunday
2010-12-27,926.07,804.6777142857143,Monday
2010-12-28,911.96,807.3228571428572,Tuesday
2010-12-29,821.34,805.3900000000001,Wednesday
2010-12-30,837.38,818.6114285714285,Thursday
2010-12-31,832.62,831.1985714285714,Friday
2011-01-01,0.0,724.84,Saturday
2011-01-02,0.0,618.4814285714285,Sunday
2011-01-03,1143.87,649.5957142857143,Monday
2011-01-04,1012.698,663.9868571428572,Tuesday
2011-01-05,1018.87,692.2054285714286,Wednesday
2011-01-06,922.74,704.3997142857143,Thursday
2011-01-07,922.41,717.226857142857,Friday
2011-01-08,4.79,717.9111428571429,Saturday
2011-01-09,4.79,718.5954285714286,Sunday
2011-01-10,1042.9,704.1711428571429,Monday
2011-01-11,956.34,696.12,Tuesday
2011-01-12,859.59,673.3657142857144,Wednesday
2011-01-13,790.82,654.5200000000001,Thursday
2011-01-14,837.7,642.4185714285715,Friday
2011-01-15,0.95,641.87,Saturday
2011-01-16,0.95,641.3214285714287,Sunday
2011-01-17,731.72,596.8671428571428,Monday
2011-01-18,847.6845,581.3449285714286,Tuesday
2011-01-19,812.71,574.6477857142858,Wednesday
2011-01-20,790.2095,574.5605714285714,Thursday
2011-01-21,744.2455,561.2099285714286,Friday
2011-01-22,3.3,561.5456428571429,Saturday
2011-01-23,3.3,561.8813571428572,Sunday
2011-01-24,926.565,589.7163571428572,Monday
2011-01-25,859.0435,591.3390714285714,Tuesday
2011-01-26,750.63,582.4705,Wednesday
2011-01-27,720.47,572.5077142857143,Thursday
2011-01-28,773.65,576.7083571428572,Friday
2011-01-29,2.38,576.5769285714285,Saturday
2011-01-30,2.38,576.4455,Sunday
2011-01-31,945.33,579.1262142857142,Monday
2011-02-01,899.93,584.9671428571429,Tuesday
2011-02-02,707.05,578.7414285714286,Wednesday
2011-02-03,626.72,565.3485714285714,Thursday
2011-02-04,626.72,544.3585714285714,Friday
2011-02-05,693.12,643.0357142857143,Saturday
2011-02-06,693.12,741.7128571428572,Sunday
2011-02-07,900.035,735.2421428571428,Monday
2011-02-08,846.43,727.5992857142858,Tuesday
2011-02-09,7.18,627.6178571428571,Wednesday
2011-02-10,830.9845,656.7985,Thursday
2011-02-11,808.4585,682.7611428571428,Friday
2011-02-12,727.68,687.6982857142857,Saturday
2011-02-13,727.68,692.6354285714286,Sunday
2011-02-14,932.8705,697.3262142857142,Monday
2011-02-15,876.1375,701.5701428571429,Tuesday
2011-02-16,851.111,822.1317142857142,Wednesday
2011-02-17,795.07,817.0010714285714,Thursday
2011-02-18,799.333,815.6974285714285,Friday
2011-02-19,2.05,712.0360000000001,Saturday
2011-02-20,2.05,608.3745714285714,Sunday
2011-02-21,916.85,606.0859285714286,Monday
2011-02-22,975.729,620.3132857142857,Tuesday
2011-02-23,934.66,632.2488571428572,Wednesday
2011-02-24,949.6455,654.3310714285715,Thursday
2011-02-25,897.975,668.4227857142857,Friday
2011-02-26,2.37,668.4685,Saturday
2011-02-27,2.37,668.5142142857143,Sunday
2011-02-28,1072.9,690.8070714285715,Monday
2011-03-01,958.707,688.3753571428571,Tuesday
2011-03-02,909.5405,684.7868571428571,Wednesday
2011-03-03,882.489,675.1930714285714,Thursday
2011-03-04,872.645,671.5745,Friday
2011-03-05,4.720000000000001,671.9102142857143,Saturday
2011-03-06,4.720000000000001,672.2459285714286,Sunday
2011-03-07,1091.69,674.9302142857142,Monday
2011-03-08,998.679,680.6405000000001,Tuesday
2011-03-09,999.6145,693.5082142857143,Wednesday
2011-03-10,956.83,704.1283571428572,Thursday
2011-03-11,904.565,708.6883571428572,Friday
2011-03-12,5.6499999999999995,708.8212142857144,Saturday
2011-03-13,5.6499999999999995,708.9540714285714,Sunday
2011-03-14,1116.2025,712.4558571428571,Monday
2011-03-15,1083.5475,724.5799285714286,Tuesday
2011-03-16,1118.95,741.6278571428572,Wednesday
2011-03-17,1077.896,758.923,Thursday
2011-03-18,910.89,759.8265714285715,Friday
2011-03-19,1.4500000000000002,759.2265714285714,Saturday
2011-03-20,0.0,758.4194285714286,Sunday
2011-03-21,1327.66,788.6276428571429,Monday
2011-03-22,1104.03,791.5537142857141,Tuesday
2011-03-23,1217.3509999999999,805.611,Wednesday
2011-03-24,1023.68,797.8658571428571,Thursday
2011-03-25,942.2075,802.3397857142857,Friday
2011-03-26,1.2,802.3040714285714,Saturday
2011-03-27,1.2,802.4754999999999,Sunday
2011-03-28,1279.95,795.6597857142857,Monday
2011-03-29,1067.39,790.4255,Tuesday
2011-03-30,1135.18,778.6867857142859,Wednesday
2011-03-31,978.78,772.2725,Thursday
2011-04-01,932.3915,770.8702142857143,Friday
2011-04-02,2.6399999999999997,771.0759285714286,Saturday
2011-04-03,2.6399999999999997,771.281642857143,Sunday
2011-04-04,1171.33,755.7645000000001,Monday
2011-04-05,1032.36,750.7602142857143,Tuesday
2011-04-06,1058.25,739.7702142857142,Wednesday
2011-04-07,979.38,739.8559285714285,Thursday
2011-04-08,907.37,736.2814285714286,Friday
2011-04-09,2.19,736.2171428571428,Saturday
2011-04-10,2.19,736.1528571428571,Sunday
2011-04-11,1179.91,737.3785714285714,Monday
2011-04-12,1046.5505,739.4057857142858,Tuesday
2011-04-13,1049.8775,738.2097142857144,Wednesday
2011-04-14,943.41,733.071142857143,Thursday
2011-04-15,857.05,725.8825714285715,Friday
2011-04-16,0.92,725.7011428571429,Saturday
2011-04-17,0.92,725.5197142857143,Sunday
2011-04-18,1038.129,705.2652857142857,Monday
2011-04-19,971.4,694.5294999999999,Tuesday
2011-04-20,978.05,684.2684285714286,Wednesday
2011-04-21,944.3245000000001,684.3990714285713,Thursday
2011-04-22,865.9304999999999,685.6677142857143,Friday
2011-04-23,1.2100000000000002,685.7091428571429,Saturday
2011-04-24,1.2100000000000002,685.7505714285714,Sunday
2011-04-25,1017.314,682.777,Monday
2011-04-26,941.944,678.5690000000001,Tuesday
2011-04-27,984.52,679.4932857142857,Wednesday
2011-04-28,891.5375,671.9522857142857,Thursday
2011-04-29,821.429,665.5949285714286,Friday
2011-04-30,0.83,665.5406428571429,Saturday
2011-05-01,0.83,665.4863571428571,Sunday
2011-05-02,996.23,662.4743571428571,Monday
2011-05-03,906.02,657.3423571428572,Tuesday
2011-05-04,872.83,641.3866428571429,Wednesday
2011-05-05,805.79,629.137,Thursday
2011-05-06,812.8575,627.9125,Friday
2011-05-07,0.7,627.8939285714285,Saturday
2011-05-08,0.7,627.8753571428572,Sunday
2011-05-09,939.14,619.719642857143,Monday
2011-05-10,884.2225,616.6057142857143,Tuesday
2011-05-11,843.9835,612.4847857142857,Wednesday
2011-05-12,804.16,612.2519285714286,Thursday
2011-05-13,800.07,610.425142857143,Friday
2011-05-14,0.5900000000000001,610.4094285714285,Saturday
2011-05-15,0.5900000000000001,610.3937142857142,Sunday
2011-05-16,966.97,614.3694285714286,Monday
2011-05-17,921.9575,619.7601428571428,Tuesday
2011-05-18,875.662,624.2856428571429,Wednesday
2011-05-19,839.49,629.3327857142857,Thursday
2011-05-20,854.95,637.1727857142857,Friday
2011-05-21,1.24,637.2656428571428,Saturday
2011-05-22,1.24,637.3585,Sunday
2011-05-23,963.46,636.8570714285714,Monday
2011-05-24,903.832,634.2677142857143,Tuesday
2011-05-25,857.05,631.6088571428572,Wednesday
2011-05-26,788.538,624.3299999999999,Thursday
2011-05-27,775.912,613.0388571428572,Friday
2011-05-28,1.5,613.076,Saturday
2011-05-29,1.5,613.1131428571427,Sunday
2011-05-30,827.13,593.6374285714286,Monday
2011-05-31,888.378,591.4297142857142,Tuesday
2011-06-01,871.38,593.476857142857,Wednesday
2011-06-02,836.92,600.3885714285715,Thursday
2011-06-03,822.797,607.0864285714285,Friday
2011-06-04,2.62,607.2464285714285,Saturday
2011-06-05,2.62,607.4064285714285,Sunday
2011-06-06,1006.9300000000001,633.0921428571429,Monday
2011-06-07,895.86,634.1610000000001,Tuesday
2011-06-08,819.9285,626.8107857142858,Wednesday
2011-06-09,821.5975,624.6218571428572,Thursday
2011-06-10,778.7775,618.3333571428573,Friday
2011-06-11,2.51,618.3176428571429,Saturday
2011-06-12,2.51,618.3019285714287,Sunday
2011-06-13,950.7215,610.272142857143,Monday
2011-06-14,864.3975,605.7775,Tuesday
2011-06-15,800.3445,602.9797857142858,Wednesday
2011-06-16,747.039,592.3285714285714,Thursday
2011-06-17,747.104,587.8037857142857,Friday
2011-06-18,2.49,587.8009285714286,Saturday
2011-06-19,2.49,587.7980714285713,Sunday
2011-06-20,865.4325,575.6139285714286,Monday
2011-06-21,821.954,569.5505714285715,Tuesday
2011-06-22,848.827,576.4766428571428,Wednesday
2011-06-23,749.89,576.8839285714286,Thursday
2011-06-24,763.6145,579.2425714285714,Friday
2011-06-25,0.64,578.9782857142857,Saturday
2011-06-26,0.64,578.714,Sunday
2011-06-27,917.9515,586.2167142857143,Monday
2011-06-28,837.468,588.433,Tuesday
2011-06-29,793.2575,580.4945,Wednesday
2011-06-30,728.9025,577.4962857142857,Thursday
2011-07-01,745.5405,574.9142857142857,Friday
2011-07-02,2.71,575.21,Saturday
2011-07-03,2.71,575.5057142857142,Sunday
2011-07-04,693.89,543.4969285714286,Monday
2011-07-05,765.6525,533.2375714285715,Tuesday
2011-07-06,800.732,534.3053571428571,Wednesday
2011-07-07,757.8975,538.4475,Thursday
2011-07-08,715.537,534.1612857142857,Friday
2011-07-09,1.98,534.057,Saturday
2011-07-10,1.98,533.9527142857143,Sunday
2011-07-11,970.457,573.4622857142857,Monday
2011-07-12,882.57,590.1647857142858,Tuesday
2011-07-13,738.65,581.2959285714286,Wednesday
2011-07-14,728.5550000000001,577.1041428571428,Thursday
2011-07-15,742.44,580.9474285714285,Friday
2011-07-16,2.3600000000000003,581.0017142857143,Saturday
2011-07-17,2.3600000000000003,581.056,Sunday
2011-07-18,935.0865,576.0030714285715,Monday
2011-07-19,838.1405,569.6560000000001,Tuesday
2011-07-20,796.08,577.8602857142857,Wednesday
2011-07-21,740.3435,579.5443571428572,Thursday
2011-07-22,689.2235,571.942,Friday
2011-07-23,2.15,571.912,Saturday
2011-07-24,2.15,571.882,Sunday
2011-07-25,847.425,559.3589285714286,Monday
2011-07-26,761.528,548.4142857142857,Tuesday
2011-07-27,731.714,539.2191428571429,Wednesday
2011-07-28,714.6,535.5415,Thursday
2011-07-29,701.2215,537.2555,Friday
2011-07-30,0.77,537.0583571428572,Saturday
2011-07-31,0.77,536.8612142857143,Sunday
2011-08-01,835.904,535.2153571428572,Monday
2011-08-02,794.617,539.9423571428572,Tuesday
2011-08-03,754.92,543.2574999999999,Wednesday
2011-08-04,707.1045,542.1867142857143,Thursday
2011-08-05,691.422,540.7867857142857,Friday
2011-08-06,2.85,541.0839285714285,Saturday
2011-08-07,2.85,541.3810714285714,Sunday
2011-08-08,852.2125,543.7108571428571,Monday
2011-08-09,804.384,545.1061428571429,Tuesday
2011-08-10,670.612,533.0621428571428,Wednesday
2011-08-11,729.0495,536.1971428571429,Thursday
2011-08-12,709.465,538.7747142857144,Friday
2011-08-13,1.05,538.5175714285714,Saturday
2011-08-14,1.05,538.2604285714285,Sunday
2011-08-15,861.03,539.5200714285713,Monday
2011-08-16,779.8225,536.0112857142857,Tuesday
2011-08-17,763.01,549.211,Wednesday
2011-08-18,672.1525,541.0828571428572,Thursday
2011-08-19,686.72,537.8335714285714,Friday
2011-08-20,2.27,538.0078571428572,Saturday
2011-08-21,2.27,538.1821428571428,Sunday
2011-08-22,849.233,536.496857142857,Monday
2011-08-23,820.307,542.2803571428572,Tuesday
2011-08-24,739.06,538.8589285714286,Wednesday
2011-08-25,741.087,548.7067142857143,Thursday
2011-08-26,783.43,562.5224285714286,Friday
2011-08-27,0.51,562.271,Saturday
2011-08-28,0.51,562.0195714285713,Sunday
2011-08-29,821.5600000000001,558.0662857142858,Monday
2011-08-30,760.43,549.5124285714285,Tuesday
2011-08-31,747.63,550.7367142857142,Wednesday
2011-09-01,672.22,540.8985714285715,Thursday
2011-09-02,668.814,524.5248571428572,Friday
2011-09-03,2.28,524.7777142857143,Saturday
2011-09-04,2.28,525.0305714285714,Sunday
2011-09-05,643.38,499.57628571428575,Monday
2011-09-06,819.691,508.0421428571429,Tuesday
2011-09-07,779.4025,512.5810714285715,Wednesday
2011-09-08,757.544,524.7702142857142,Thursday
2011-09-09,808.02,544.6567857142857,Friday
2011-09-10,2.34,544.6653571428571,Saturday
2011-09-11,2.34,544.6739285714286,Sunday
2011-09-12,951.2075,588.6492857142857,Monday
2011-09-13,828.396,589.8928571428571,Tuesday
2011-09-14,787.066,590.9876428571428,Wednesday
2011-09-15,700.23,582.7999285714286,Thursday
2011-09-16,737.8725,572.7788571428572,Friday
2011-09-17,2.86,572.8531428571429,Saturday
2011-09-18,7.6,573.6045714285714,Sunday
2011-09-19,895.0525,565.5824285714285,Monday
2011-09-20,846.6075,568.1840714285714,Tuesday
2011-09-21,742.415,561.8053571428571,Wednesday
2011-09-22,702.22,562.0896428571428,Thursday
2011-09-23,731.5185,561.1819285714286,Friday
2011-09-24,2.81,561.1747857142857,Saturday
2011-09-25,2.81,560.4905,Sunday
2011-09-26,835.7315,552.0160714285714,Monday
2011-09-27,790.69,544.0278571428571,Tuesday
2011-09-28,712.82,539.8,Wednesday
2011-09-29,777.4935,550.5533571428572,Thursday
2011-09-30,723.85,549.4578571428572,Friday
2011-10-01,4.72,549.7307142857143,Saturday
2011-10-02,4.72,550.0035714285715,Sunday
2011-10-03,843.5595,551.1218571428572,Monday
2011-10-04,840.8445,558.2867857142858,Tuesday
2011-10-05,761.93,565.3025,Wednesday
2011-10-06,769.4865,564.1586428571429,Thursday
2011-10-07,742.27,566.7900714285714,Friday
2011-10-08,2.66,566.4957857142857,Saturday
2011-10-09,2.66,566.2015,Sunday
2011-10-10,852.94,567.5415714285715,Monday
2011-10-11,835.734,566.8115,Tuesday
2011-10-12,774.03,568.5400714285714,Wednesday
2011-10-13,705.494,559.3982857142857,Thursday
2011-10-14,749.9,560.4882857142858,Friday
2011-10-15,3.11,560.5525714285715,Saturday
2011-10-16,3.11,560.6168571428572,Sunday
2011-10-17,903.25,567.804,Monday
2011-10-18,873.44,573.1905714285714,Tuesday
2011-10-19,738.7935,568.1567857142858,Wednesday
2011-10-20,694.1625,566.538,Thursday
2011-10-21,756.1,567.4237142857143,Friday
2011-10-22,2.5100000000000002,567.3380000000001,Saturday
2011-10-23,2.5100000000000002,567.2522857142857,Sunday
2011-10-24,844.1245,558.8057857142858,Monday
2011-10-25,815.536,550.5337857142857,Tuesday
2011-10-26,809.1775,560.5886428571429,Wednesday
2011-10-27,744.5085,567.7809285714286,Thursday
2011-10-28,796.157,573.5033571428572,Friday
2011-10-29,1.94,573.4219285714286,Saturday
2011-10-30,0.2,573.0919285714286,Sunday
2011-10-31,893.949,580.2097142857143,Monday
2011-11-01,834.7445,582.9537857142857,Tuesday
2011-11-02,766.12,576.8027142857143,Wednesday
2011-11-03,733.6125,575.2461428571429,Thursday
2011-11-04,742.7185,567.6120714285714,Friday
2011-11-05,8.29,568.5192142857143,Saturday
2011-11-06,8.29,569.6749285714285,Sunday
2011-11-07,949.6925,577.6382857142856,Monday
2011-11-08,895.5575,586.3258571428571,Tuesday
2011-11-09,760.6425,585.5433571428572,Wednesday
2011-11-10,722.69,583.9830000000001,Thursday
2011-11-11,678.64,574.8289285714286,Friday
2011-11-12,5.42,574.4189285714286,Saturday
2011-11-13,5.42,574.0089285714286,Sunday
2011-11-14,894.27,566.0914285714287,Monday
2011-11-15,825.67,556.1075,Tuesday
2011-11-16,800.6,561.8157142857143,Wednesday
2011-11-17,757.9525,566.8532142857143,Thursday
2011-11-18,821.884,587.3166428571428,Friday
2011-11-19,8.43,587.7466428571428,Saturday
2011-11-20,8.43,588.1766428571428,Sunday
2011-11-21,956.3175,597.0405714285715,Monday
2011-11-22,909.73,609.0491428571429,Tuesday
2011-11-23,795.1095,608.2647857142857,Wednesday
2011-11-24,0.0,499.9858571428571,Thursday
2011-11-25,654.77,476.11242857142855,Friday
2011-11-26,823.04,592.4852857142857,Saturday
2011-11-27,823.04,708.8581428571428,Sunday
2011-11-28,1042.88,721.2242142857142,Monday
2011-11-29,1024.08,737.5599285714286,Tuesday
2011-11-30,936.23,757.72,Wednesday
2011-12-01,861.842,880.8402857142856,Thursday
2011-12-02,884.769,913.6972857142856,Friday
2011-12-03,3.86,796.6715714285713,Saturday
2011-12-04,3.86,679.6458571428572,Sunday
2011-12-05,940.82,665.0658571428572,Monday
2011-12-06,873.963,643.6205714285715,Tuesday
2011-12-07,795.71,623.5462857142858,Wednesday
2011-12-08,754.393,608.1964285714286,Thursday
2011-12-09,809.4,597.4294285714286,Friday
2011-12-10,1.7599999999999998,597.1294285714287,Saturday
2011-12-11,1.7599999999999998,596.8294285714285,Sunday
2011-12-12,878.72,587.958,Monday
2011-12-13,882.899,589.2345714285714,Tuesday
2011-12-14,780.3825,587.0449285714286,Wednesday
2011-12-15,752.824,586.8207857142858,Thursday
2011-12-16,807.82,586.5950714285715,Friday
2011-12-17,14.86,588.4664999999999,Saturday
2011-12-18,14.86,590.3379285714287,Sunday
2011-12-19,968.36,603.1436428571429,Monday
2011-12-20,898.062,605.3097857142857,Tuesday
2011-12-21,861.1675,616.8505000000001,Wednesday
2011-12-22,787.06,621.7413571428572,Thursday
2011-12-23,889.18,633.3642142857143,Friday
2011-12-24,5.16,631.9785,Saturday
2011-12-25,5.16,630.5927857142857,Sunday
2011-12-26,742.15,598.2770714285715,Monday
2011-12-27,894.949,597.8323571428572,Tuesday
2011-12-28,872.56,599.4598571428571,Wednesday
2011-12-29,817.68,603.8341428571429,Thursday
2011-12-30,915.23,607.5555714285713,Friday
2011-12-31,5.130000000000001,607.5512857142857,Saturday
2012-01-01,5.130000000000001,607.5469999999999,Sunday
2012-01-02,1067.35,654.0041428571428,Monday
2012-01-03,1103.3,683.7685714285714,Tuesday
2012-01-04,1059.701,710.5029999999999,Wednesday
2012-01-05,958.8715,730.6732142857144,Thursday
2012-01-06,1013.835,744.7596428571429,Friday
2012-01-07,2.78,744.4239285714285,Saturday
2012-01-08,2.78,744.0882142857142,Sunday
2012-01-09,1192.246,761.9305,Monday
2012-01-10,997.41,746.8033571428571,Tuesday
2012-01-11,916.485,726.3439285714286,Wednesday
2012-01-12,901.1899999999999,718.1037142857142,Thursday
2012-01-13,900.945,701.9765714285713,Friday
2012-01-14,4.4,702.208,Saturday
2012-01-15,4.4,702.4394285714286,Sunday
2012-01-16,899.47,660.6142857142858,Monday
2012-01-17,905.492,647.4831428571428,Tuesday
2012-01-18,849.703,637.9428571428572,Wednesday
2012-01-19,754.16,616.9385714285714,Thursday
2012-01-20,813.6535,604.4683571428571,Friday
2012-01-21,7.3999999999999995,604.8969285714286,Saturday
2012-01-22,7.3999999999999995,605.3254999999999,Sunday
2012-01-23,962.751,614.3656428571428,Monday
2012-01-24,895.3765,612.9205714285714,Tuesday
2012-01-25,881.4590000000001,617.4571428571428,Wednesday
2012-01-26,801.1800000000001,624.1742857142857,Thursday
2012-01-27,909.6865,637.8932857142856,Friday
2012-01-28,6.989999999999999,637.8347142857144,Saturday
2012-01-29,0.0,636.7775714285715,Sunday
2012-01-30,982.7225,639.6306428571428,Monday
2012-01-31,884.91,638.1354285714286,Tuesday
2012-02-01,879.87,637.9084285714287,Wednesday
2012-02-02,825.89,641.4384285714286,Thursday
2012-02-03,804.219,626.3716428571428,Friday
2012-02-04,4.0600000000000005,625.9530714285714,Saturday
2012-02-05,4.0600000000000005,626.5330714285714,Sunday
2012-02-06,856.043,608.436,Monday
2012-02-07,868.34,606.0688571428572,Tuesday
2012-02-08,787.52,592.876,Wednesday
2012-02-09,732.4005,579.5203571428572,Thursday
2012-02-10,796.87,578.4705,Friday
2012-02-11,3.11,578.3347857142857,Saturday
2012-02-12,3.11,578.1990714285714,Sunday
2012-02-13,888.6025,582.8504285714286,Monday
2012-02-14,814.36,575.139,Tuesday
2012-02-15,754.7535,570.4580714285714,Wednesday
2012-02-16,686.55,563.908,Thursday
2012-02-17,717.02,552.5008571428572,Friday
2012-02-18,2.01,552.3437142857143,Saturday
2012-02-19,2.7649999999999997,552.2944285714286,Sunday
2012-02-20,877.16,550.6597857142857,Monday
2012-02-21,932.7985,567.5795714285714,Tuesday
2012-02-22,827.683,577.9980714285714,Wednesday
2012-02-23,800.547,594.2833571428572,Thursday
2012-02-24,778.93,603.1276428571429,Friday
2012-02-25,12.96,604.6919285714285,Saturday
2012-02-26,7.88,605.4226428571429,Sunday
2012-02-27,1069.53,632.9040714285713,Monday
2012-02-28,959.88,636.7728571428571,Tuesday
2012-02-29,886.97,645.2424285714286,Wednesday
2012-03-01,823.4300000000001,648.5114285714286,Thursday
2012-03-02,872.548,661.8854285714285,Friday
2012-03-03,3.51,660.5354285714285,Saturday
2012-03-04,3.51,659.9111428571429,Sunday
2012-03-05,1090.9665,662.9735000000001,Monday
2012-03-06,1026.18,672.4449285714287,Tuesday
2012-03-07,998.57,688.3877857142858,Wednesday
2012-03-08,922.122,702.4866428571429,Thursday
2012-03-09,878.3505,703.3155714285714,Friday
2012-03-10,1.5899999999999999,703.0412857142857,Saturday
2012-03-11,2.24,702.8598571428572,Sunday
2012-03-12,958.93,683.9975000000001,Monday
2012-03-13,844.9325,658.1049999999999,Tuesday
2012-03-14,905.52,644.8121428571429,Wednesday
2012-03-15,858.117,635.6685714285713,Thursday
2012-03-16,828.015,628.4777857142857,Friday
2012-03-17,6.38,629.1620714285715,Saturday
2012-03-18,11.06,630.4220714285714,Sunday
2012-03-19,1286.35,677.1963571428571,Monday
2012-03-20,1198.6,727.7202857142856,Tuesday
2012-03-21,1116.82,757.906,Wednesday
2012-03-22,988.25,776.4964285714286,Thursday
2012-03-23,958.86,795.1885714285714,Friday
2012-03-24,3.4,794.7628571428571,Saturday
2012-03-25,3.4,793.6685714285715,Sunday
2012-03-26,1162.25,775.9399999999999,Monday
2012-03-27,998.7,747.382857142857,Tuesday
2012-03-28,1057.24,738.8714285714286,Wednesday
2012-03-29,904.13,726.8542857142857,Thursday
2012-03-30,873.18,714.6142857142858,Friday
2012-03-31,4.029999999999999,714.7042857142857,Saturday
2012-04-01,4.029999999999999,714.7942857142858,Sunday
2012-04-02,1107.53,706.9771428571429,Monday
2012-04-03,988.96,705.5857142857143,Tuesday
2012-04-04,985.79,695.3785714285714,Wednesday
2012-04-05,904.69,695.4585714285714,Thursday
2012-04-06,824.2025,688.4617857142857,Friday
2012-04-07,8.53,689.1046428571428,Saturday
2012-04-08,8.53,689.7474999999998,Sunday
2012-04-09,1035.96,679.5232142857143,Monday
2012-04-10,915.955,669.0939285714286,Tuesday
2012-04-11,948.1375,663.715,Wednesday
2012-04-12,850.55,655.9807142857144,Thursday
2012-04-13,834.07,657.3903571428572,Friday
2012-04-14,2.42,656.5175,Saturday
2012-04-15,2.42,655.6446428571429,Sunday
2012-04-16,1049.1765,657.5327142857143,Monday
2012-04-17,959.86,663.8048571428571,Tuesday
2012-04-18,927.0545,660.7929999999999,Wednesday
2012-04-19,857.053,661.722,Thursday
2012-04-20,943.0024999999999,677.2837857142857,Friday
2012-04-21,2.6799999999999997,677.3209285714286,Saturday
2012-04-22,2.6799999999999997,677.3580714285714,Sunday
2012-04-23,1025.9325,674.0375,Monday
2012-04-24,900.48,665.5546428571428,Tuesday
2012-04-25,906.61,662.634,Wednesday
2012-04-26,842.115,660.5,Thursday
2012-04-27,828.5525,644.15,Friday
2012-04-28,2.54,644.13,Saturday
2012-04-29,2.54,644.11,Sunday
2012-04-30,965.2825,635.4457142857144,Monday
2012-05-01,922.545,638.597857142857,Tuesday
2012-05-02,870.325,633.4142857142858,Wednesday
2012-05-03,791.208,626.1418571428572,Thursday
2012-05-04,813.1715,623.9445714285714,Friday
2012-05-05,8.19,624.7517142857143,Saturday
2012-05-06,8.19,625.5588571428572,Sunday
2012-05-07,955.79,624.2027857142857,Monday
2012-05-08,867.984,616.4083571428572,Tuesday
2012-05-09,863.76,615.4705,Wednesday
2012-05-10,813.2715,618.6224285714286,Thursday
2012-05-11,821.33,619.7879285714287,Friday
2012-05-12,12.379999999999999,620.3865,Saturday
2012-05-13,12.379999999999999,620.9850714285714,Sunday
2012-05-14,950.47,620.2250714285714,Monday
2012-05-15,937.89,630.2116428571428,Tuesday
2012-05-16,901.37,635.5844999999999,Wednesday
2012-05-17,837.65,639.0671428571429,Thursday
2012-05-18,874.2515,646.6273571428571,Friday
2012-05-19,4.06,645.4387857142857,Saturday
2012-05-20,4.06,644.2502142857142,Sunday
2012-05-21,992.71,650.2845,Monday
2012-05-22,895.6899999999999,644.2559285714285,Tuesday
2012-05-23,935.2525,649.0962857142857,Wednesday
2012-05-24,850.9775,651.0002142857144,Thursday
2012-05-25,832.85,645.0857142857143,Friday
2012-05-26,1.89,644.7757142857143,Saturday
2012-05-27,1.89,644.4657142857143,Sunday
2012-05-28,827.83,620.9114285714286,Monday
2012-05-29,889.815,620.0721428571429,Tuesday
2012-05-30,896.13,614.4832142857142,Wednesday
2012-05-31,802.5575,607.5660714285714,Thursday
2012-06-01,837.7975,608.2728571428571,Friday
2012-06-02,54.38,615.7714285714285,Saturday
2012-06-03,54.38,623.2700000000001,Sunday
2012-06-04,1073.13,658.3128571428572,Monday
2012-06-05,953.61,667.4264285714286,Tuesday
2012-06-06,908.264,669.159857142857,Wednesday
2012-06-07,881.513,680.4392142857142,Thursday
2012-06-08,809.03,676.3295714285715,Friday
2012-06-09,59.589999999999996,677.0738571428572,Saturday
2012-06-10,0.49,669.3752857142857,Sunday
2012-06-11,996.04,658.3624285714286,Monday
2012-06-12,892.54,649.6381428571428,Tuesday
2012-06-13,885.52,646.389,Wednesday
2012-06-14,833.755,639.5664285714286,Thursday
2012-06-15,835.37,643.3292857142858,Friday
2012-06-16,2.86,635.225,Saturday
2012-06-17,2.86,635.5635714285714,Sunday
2012-06-18,895.37,621.1821428571429,Monday
2012-06-19,829.51,612.1778571428571,Tuesday
2012-06-20,809.37,601.2992857142856,Wednesday
2012-06-21,771.83,592.4528571428572,Thursday
2012-06-22,711.39,574.7414285714286,Friday
2012-06-23,2.98,574.7585714285714,Saturday
2012-06-24,2.98,574.7757142857142,Sunday
2012-06-25,898.31,575.1957142857143,Monday
2012-06-26,825.48,574.62,Tuesday
2012-06-27,797.32,572.8985714285715,Wednesday
2012-06-28,739.58,568.2914285714286,Thursday
2012-06-29,746.15,573.2571428571429,Friday
2012-06-30,3.37,573.3128571428572,Saturday
2012-07-01,3.37,573.3685714285715,Sunday
2012-07-02,839.29,564.9371428571429,Monday
2012-07-03,792.21,560.1842857142857,Tuesday
2012-07-04,556.05,525.7171428571429,Wednesday
2012-07-05,663.91,514.9071428571427,Thursday
2012-07-06,695.47,507.6671428571429,Friday
2012-07-07,6.709999999999999,508.14428571428573,Saturday
2012-07-08,1.11,507.82142857142856,Sunday
2012-07-09,943.13,522.6557142857143,Monday
2012-07-10,864.59,532.9957142857143,Tuesday
2012-07-11,948.5,589.0600000000001,Wednesday
2012-07-12,814.38,610.5557142857143,Thursday
2012-07-13,801.46,625.6971428571429,Friday
2012-07-14,34.59,629.6800000000001,Saturday
2012-07-15,34.59,634.4628571428573,Sunday
2012-07-16,940.94,634.15,Monday
2012-07-17,913.3,641.1085714285715,Tuesday
2012-07-18,920.05,637.0442857142858,Wednesday
2012-07-19,857.62,643.2214285714286,Thursday
2012-07-20,815.72,645.2585714285715,Friday
2012-07-21,9.530000000000001,641.6785714285714,Saturday
2012-07-22,9.530000000000001,638.0985714285714,Sunday
2012-07-23,952.16,639.7014285714286,Monday
2012-07-24,871.225,633.6907142857143,Tuesday
2012-07-25,849.52,623.6149999999999,Wednesday
2012-07-26,758.15,609.405,Thursday
2012-07-27,782.09,604.6007142857143,Friday
2012-07-28,14.47,605.3064285714287,Saturday
2012-07-29,14.47,606.0121428571429,Sunday
2012-07-30,911.48,600.2007142857143,Monday
2012-07-31,844.53,596.3871428571429,Tuesday
2012-08-01,828.82,593.4300000000001,Wednesday
2012-08-02,740.24,590.8714285714286,Thursday
2012-08-03,717.86,581.6957142857143,Friday
2012-08-04,2.16,579.9371428571428,Saturday
2012-08-05,2.16,578.1785714285714,Sunday
2012-08-06,923.64,579.9157142857143,Monday
2012-08-07,841.39,579.4671428571429,Tuesday
2012-08-08,799.61,575.2942857142857,Wednesday
2012-08-09,771.41,579.7471428571429,Thursday
2012-08-10,765.09,586.4942857142858,Friday
2012-08-11,2.65,586.5642857142857,Saturday
2012-08-12,2.65,586.6342857142857,Sunday
2012-08-13,921.63,586.3471428571429,Monday
2012-08-14,823.97,583.8585714285715,Tuesday
2012-08-15,831.76,588.4514285714286,Wednesday
2012-08-16,782.36,590.0157142857142,Thursday
2012-08-17,753.84,588.4085714285713,Friday
2012-08-18,2.3200000000000003,588.3614285714286,Saturday
2012-08-19,2.3200000000000003,588.3142857142857,Sunday
2012-08-20,927.8695,589.205642857143,Monday
2012-08-21,877.69,596.8799285714285,Tuesday
2012-08-22,812.11,594.0727857142857,Wednesday
2012-08-23,794.82,595.8527857142857,Thursday
2012-08-24,799.89,602.4313571428572,Friday
2012-08-25,32.28,606.7113571428572,Saturday
2012-08-26,12.34,608.1427857142859,Sunday
2012-08-27,880.38,601.3585714285715,Monday
2012-08-28,822.17,593.4271428571428,Tuesday
2012-08-29,790.3235,590.3147857142857,Wednesday
2012-08-30,714.8605,578.8919999999999,Thursday
2012-08-31,738.024,570.054,Friday
2012-09-01,6.02,566.3025714285715,Saturday
2012-09-02,6.02,565.3997142857144,Sunday
2012-09-03,712.98,541.4854285714285,Monday
2012-09-04,817.73,540.8511428571428,Tuesday
2012-09-05,821.042,545.2395,Wednesday
2012-09-06,740.27,548.8694285714286,Thursday
2012-09-07,853.66,565.3888571428571,Friday
2012-09-08,1.8,564.786,Saturday
2012-09-09,1.8,564.1831428571428,Sunday
2012-09-10,975.29,601.656,Monday
2012-09-11,856.65,607.2160000000001,Tuesday
2012-09-12,823.82,607.6128571428571,Wednesday
2012-09-13,763.44,610.9228571428572,Thursday
2012-09-14,724.585,592.4835714285715,Friday
2012-09-15,3.75,592.7621428571429,Saturday
2012-09-16,3.75,593.0407142857142,Sunday
2012-09-17,942.65,588.3778571428572,Monday
2012-09-18,906.84,595.5478571428572,Tuesday
2012-09-19,794.3,591.3307142857142,Wednesday
2012-09-20,770.47,592.335,Thursday
2012-09-21,856.53,611.1842857142857,Friday
2012-09-22,2.98,611.0742857142857,Saturday
2012-09-23,2.98,610.9642857142857,Sunday
2012-09-24,968.7,614.6857142857143,Monday
2012-09-25,859.84,607.9714285714286,Tuesday
2012-09-26,831.155,613.2364285714285,Wednesday
2012-09-27,779.09,614.4678571428573,Thursday
2012-09-28,782.2,603.8492857142857,Friday
2012-09-29,1.57,603.6478571428572,Saturday
2012-09-30,1.57,603.4464285714286,Sunday
2012-10-01,952.65,601.1535714285714,Monday
2012-10-02,745.89,584.875,Tuesday
2012-10-03,889.506,593.2108571428572,Wednesday
2012-10-04,821.622,599.2868571428571,Thursday
2012-10-05,706.963,588.5387142857143,Friday
2012-10-06,3.49,588.813,Saturday
2012-10-07,3.49,589.0872857142856,Sunday
2012-10-08,932.99,586.2787142857143,Monday
2012-10-09,751.51,587.0815714285715,Tuesday
2012-10-10,829.5565,578.5173571428571,Wednesday
2012-10-11,851.438,582.7767857142857,Thursday
2012-10-12,685.399,579.6962142857143,Friday
2012-10-13,2.82,579.6005,Saturday
2012-10-14,2.82,579.5047857142857,Sunday
2012-10-15,948.87,581.7733571428571,Monday
2012-10-16,751.45,581.7647857142857,Tuesday
2012-10-17,905.704,592.643,Wednesday
2012-10-18,823.3245,588.6267857142857,Thursday
2012-10-19,678.7765,587.6807142857142,Friday
2012-10-20,10.33,588.7535714285715,Saturday
2012-10-21,10.33,589.8264285714286,Sunday
2012-10-22,944.58,589.2135714285714,Monday
2012-10-23,729.71,586.1078571428571,Tuesday
2012-10-24,845.491,577.5060000000001,Wednesday
2012-10-25,862.4399999999999,583.0939285714286,Thursday
2012-10-26,695.6565,585.5053571428572,Friday
2012-10-27,6.96,585.0239285714285,Saturday
2012-10-28,6.96,584.5425,Sunday
2012-10-29,872.65,574.2667857142857,Monday
2012-10-30,670.56,565.8167857142857,Tuesday
2012-10-31,821.357,562.3690714285714,Wednesday
2012-11-01,818.337,556.0686428571429,Thursday
2012-11-02,694.744,555.9382857142857,Friday
2012-11-03,8.83,556.2054285714286,Saturday
2012-11-04,8.83,556.4725714285714,Sunday
2012-11-05,1018.652,577.33,Monday
2012-11-06,759.21,589.9942857142858,Tuesday
2012-11-07,879.954,598.3652857142857,Wednesday
2012-11-08,832.0355,600.3222142857143,Thursday
2012-11-09,720.697,604.0297857142858,Friday
2012-11-10,3.09,603.2097857142857,Saturday
2012-11-11,0.09,601.9612142857143,Sunday
2012-11-12,916.91,587.4266428571428,Monday
2012-11-13,720.68,581.9223571428571,Tuesday
2012-11-14,825.7015,574.1719999999999,Wednesday
2012-11-15,830.1,573.8955,Thursday
2012-11-16,700.487,571.0083571428571,Friday
2012-11-17,13.72,572.5269285714286,Saturday
2012-11-18,0.0,572.5140714285715,Sunday
2012-11-19,911.38,571.7240714285715,Monday
2012-11-20,729.61,572.9997857142856,Tuesday
2012-11-21,699.953,555.0357142857143,Wednesday
2012-11-22,98.43,450.51142857142855,Thursday
2012-11-23,758.093,458.7408571428571,Friday
2012-11-24,683.5675,554.4333571428572,Saturday
2012-11-25,683.5675,652.0858571428571,Sunday
2012-11-26,1079.42,676.0915714285713,Monday
2012-11-27,823.65,689.5258571428573,Tuesday
2012-11-28,1000.869,732.5138571428571,Wednesday
2012-11-29,906.9135,848.0115,Thursday
2012-11-30,809.924,855.4159285714285,Friday
2012-12-01,3.25,758.2277142857143,Saturday
2012-12-02,0.76,660.6837857142857,Sunday
2012-12-03,1072.04,659.6295,Monday
2012-12-04,871.91,666.5237857142857,Tuesday
2012-12-05,984.869,664.2380714285715,Wednesday
2012-12-06,955.282,671.1478571428571,Thursday
2012-12-07,837.6175,675.1040714285715,Friday
2012-12-08,2.12,674.9426428571429,Saturday
2012-12-09,2.12,675.1369285714285,Sunday
2012-12-10,1052.37,672.3269285714285,Monday
2012-12-11,785.41,659.9697857142856,Tuesday
2012-12-12,939.0855,653.4292857142857,Wednesday
2012-12-13,896.0295,644.9646428571428,Thursday
2012-12-14,865.7715,648.9866428571428,Friday
2012-12-15,3.0300000000000002,649.1166428571429,Saturday
2012-12-16,0.51,648.8866428571429,Sunday
2012-12-17,973.48,637.6166428571429,Monday
2012-12-18,782.95,637.2652142857143,Tuesday
2012-12-19,931.609,636.1971428571429,Wednesday
2012-12-20,875.2615,633.2302857142857,Thursday
2012-12-21,769.94,619.5400714285714,Friday
2012-12-22,5.1899999999999995,619.848642857143,Saturday
2012-12-23,5.1899999999999995,620.5172142857143,Sunday
2012-12-24,807.41,596.7929285714287,Monday
2012-12-25,807.41,600.2872142857143,Tuesday
2012-12-26,594.34,552.1059285714285,Wednesday
2012-12-27,866.033,550.7875714285715,Thursday
2012-12-28,951.7,576.7532857142858,Friday
2012-12-29,754.37,683.7790000000001,Saturday
2012-12-30,0.32,683.0832857142857,Sunday
2012-12-31,1014.3,712.639,Monday
2013-01-01,1014.3,742.1947142857143,Tuesday
2013-01-02,850.89,778.8447142857142,Wednesday
2013-01-03,1017.029,800.4155714285715,Thursday
2013-01-04,934.958,798.0238571428571,Friday
2013-01-05,754.273,798.01,Saturday
2013-01-06,754.273,905.7175714285714,Sunday
2013-01-07,1211.84,933.9375714285715,Monday
2013-01-08,864.47,912.5332857142856,Tuesday
2013-01-09,919.753,922.3708571428572,Wednesday
2013-01-10,850.175,898.5345714285713,Thursday
2013-01-11,812.857,881.0915714285713,Friday
2013-01-12,6.130000000000001,774.2139999999999,Saturday
2013-01-13,6.130000000000001,667.3364285714285,Sunday
2013-01-14,1044.01,643.3607142857143,Monday
2013-01-15,791.79,632.977857142857,Tuesday
2013-01-16,936.8895,635.4259285714286,Wednesday
2013-01-17,830.244,632.5786428571429,Thursday
2013-01-18,715.7675,618.7087142857143,Friday
2013-01-19,3.2,618.2901428571429,Saturday
2013-01-20,3.76,617.9515714285715,Sunday
2013-01-21,937.68,602.7615714285714,Monday
2013-01-22,800.3,603.9772857142858,Tuesday
2013-01-23,979.8095,610.1087142857142,Wednesday
2013-01-24,908.011,621.2182857142858,Thursday
2013-01-25,800.439,633.3142142857142,Friday
2013-01-26,3.2399999999999998,633.3199285714287,Saturday
2013-01-27,3.2399999999999998,633.2456428571429,Sunday
2013-01-28,1023.005,645.4349285714286,Monday
2013-01-29,841.96,651.3863571428572,Tuesday
2013-01-30,929.665,644.222857142857,Wednesday
2013-01-31,842.03,634.7969999999999,Thursday
2013-02-01,714.328,622.4954285714285,Friday
2013-02-02,2.52,622.3925714285715,Saturday
2013-02-03,2.52,622.2897142857144,Sunday
2013-02-04,991.03,617.7218571428572,Monday
2013-02-05,786.08,609.7389999999999,Tuesday
2013-02-06,921.499,608.5724285714286,Wednesday
2013-02-07,897.249,616.4608571428571,Thursday
2013-02-08,730.136,618.7191428571429,Friday
2013-02-09,2.58,618.7277142857141,Saturday
2013-02-10,2.58,618.7362857142858,Sunday
2013-02-11,961.27,614.4848571428572,Monday
2013-02-12,772.28,612.5134285714286,Tuesday
2013-02-13,898.2605,609.1936428571428,Wednesday
2013-02-14,804.388,595.9277857142857,Thursday
2013-02-15,651.6365,584.7135714285714,Friday
2013-02-16,6.59,585.2864285714286,Saturday
2013-02-17,6.59,585.8592857142858,Sunday
2013-02-18,961.04,585.8264285714286,Monday
2013-02-19,756.35,583.5507142857143,Tuesday
2013-02-20,939.431,589.4322142857143,Wednesday
2013-02-21,893.4585,602.1565714285714,Thursday
2013-02-22,743.5585,615.2882857142857,Friday
2013-02-23,1.4000000000000001,614.5468571428571,Saturday
2013-02-24,8.41,614.806857142857,Sunday
2013-02-25,1037.48,625.726857142857,Monday
2013-02-26,732.04,622.254,Tuesday
2013-02-27,974.6125,627.2799285714285,Wednesday
2013-02-28,890.6785,626.8827857142858,Thursday
2013-03-01,745.489,627.1585714285713,Friday
2013-03-02,8.15,628.1228571428571,Saturday
2013-03-03,8.15,628.0857142857143,Sunday
2013-03-04,1038.54,628.2371428571429,Monday
2013-03-05,802.55,638.3100000000001,Tuesday
2013-03-06,1005.976,642.7905,Wednesday
2013-03-07,977.0,655.1221428571428,Thursday
2013-03-08,779.0795,659.9207857142857,Friday
2013-03-09,0.7000000000000001,658.8565,Saturday
2013-03-10,3.64,658.2122142857143,Sunday
2013-03-11,1030.14,657.0122142857143,Monday
2013-03-12,803.91,657.2065,Tuesday
2013-03-13,1028.9485,660.4882857142857,Wednesday
2013-03-14,948.001,656.3455714285714,Thursday
2013-03-15,689.0395,643.4827142857142,Friday
2013-03-16,5.3500000000000005,644.147,Saturday
2013-03-17,0.0,643.6270000000001,Sunday
2013-03-18,1274.01,678.4655714285715,Monday
2013-03-19,899.73,692.1541428571428,Tuesday
2013-03-20,1148.0715,709.1717142857143,Wednesday
2013-03-21,1124.8985,734.4427857142857,Thursday
2013-03-22,915.386,766.778,Friday
2013-03-23,92.94,779.2908571428571,Saturday
2013-03-24,92.94,792.5680000000001,Sunday
2013-03-25,1164.92,776.9837142857143,Monday
2013-03-26,885.67,774.9751428571428,Tuesday
2013-03-27,1177.168,779.1317857142857,Wednesday
2013-03-28,1028.235,765.3227142857141,Thursday
2013-03-29,780.498,746.053,Friday
2013-03-30,61.019999999999996,741.493,Saturday
2013-03-31,61.019999999999996,736.933,Sunday
2013-04-01,1145.8,734.2015714285715,Monday
2013-04-02,823.41,725.3072857142857,Tuesday
2013-04-03,1166.152,723.7335714285715,Wednesday
2013-04-04,974.0095,715.9870714285714,Thursday
2013-04-05,839.6165,724.4325714285714,Friday
2013-04-06,1.49,715.9282857142856,Saturday
2013-04-07,1.49,707.424,Sunday
2013-04-08,1218.08,717.7497142857143,Monday
2013-04-09,951.91,736.106857142857,Tuesday
2013-04-10,1044.943,718.7912857142857,Wednesday
2013-04-11,1017.635,725.0235,Thursday
2013-04-12,907.5360000000001,734.7262857142857,Friday
2013-04-13,21.14,737.5334285714285,Saturday
2013-04-14,21.14,740.3405714285715,Sunday
2013-04-15,1149.84,730.592,Monday
2013-04-16,812.89,710.732,Tuesday
2013-04-17,1110.718,720.1284285714285,Wednesday
2013-04-18,1000.307,717.653,Thursday
2013-04-19,775.035,698.7242857142857,Friday
2013-04-20,13.6,697.6471428571429,Saturday
2013-04-21,13.6,696.5699999999999,Sunday
2013-04-22,1081.46,686.8014285714286,Monday
2013-04-23,847.39,691.7299999999999,Tuesday
2013-04-24,1015.0504999999999,678.0632142857143,Wednesday
2013-04-25,933.545,668.5257857142858,Thursday
2013-04-26,842.0219999999999,678.0953571428571,Friday
2013-04-27,2.45,676.5024999999999,Saturday
2013-04-28,0.0,674.5596428571428,Sunday
2013-04-29,1048.51,669.8525,Monday
2013-04-30,836.9,668.3539285714286,Tuesday
2013-05-01,1019.926,669.0504285714285,Wednesday
2013-05-02,959.077,672.6978571428572,Thursday
2013-05-03,741.9515,658.4020714285715,Friday
2013-05-04,16.810000000000002,660.4535,Saturday
2013-05-05,16.810000000000002,662.8549285714287,Sunday
2013-05-06,1045.95,662.4892142857143,Monday
2013-05-07,806.03,658.0792142857143,Tuesday
2013-05-08,984.9315,653.08,Wednesday
2013-05-09,912.1555,646.3769285714286,Thursday
2013-05-10,736.992,645.6684285714285,Friday
2013-05-11,56.42,651.327,Saturday
2013-05-12,56.42,656.9855714285715,Sunday
2013-05-13,1037.24,655.7412857142857,Monday
2013-05-14,779.97,652.0184285714286,Tuesday
2013-05-15,1020.9265,657.1605714285714,Wednesday
2013-05-16,900.162,655.4472142857143,Thursday
2013-05-17,798.8185,664.2795714285714,Friday
2013-05-18,3.05,656.6552857142857,Saturday
2013-05-19,3.05,649.031,Sunday
2013-05-20,1060.77,652.3924285714286,Monday
2013-05-21,854.27,663.0067142857142,Tuesday
2013-05-22,1012.7025,661.8318571428572,Wednesday
2013-05-23,914.284,663.8492857142857,Thursday
2013-05-24,857.686,672.2589285714286,Friday
2013-05-25,1.17,671.9903571428571,Saturday
2013-05-26,1.17,671.7217857142857,Sunday
2013-05-27,896.68,648.2803571428573,Monday
2013-05-28,764.73,635.4889285714286,Tuesday
2013-05-29,1014.829,635.7927142857143,Wednesday
2013-05-30,968.7139999999999,643.5684285714286,Thursday
2013-05-31,772.063,631.3365714285713,Friday
2013-06-01,2.81,631.5708571428571,Saturday
2013-06-02,2.81,631.8051428571428,Sunday
2013-06-03,1123.04,664.1422857142858,Monday
2013-06-04,874.99,679.8937142857142,Tuesday
2013-06-05,990.4325,676.4084999999999,Wednesday
2013-06-06,884.1725,664.3311428571427,Thursday
2013-06-07,707.0699999999999,655.0464285714286,Friday
2013-06-08,9.91,656.0607142857143,Saturday
2013-06-09,9.91,657.0749999999999,Sunday
2013-06-10,1074.205,650.0985714285714,Monday
2013-06-11,781.3,636.7142857142857,Tuesday
2013-06-12,947.342,630.5585,Wednesday
2013-06-13,857.4165,626.7362142857143,Thursday
2013-06-14,697.269,625.3360714285715,Friday
2013-06-15,3.92,624.4803571428572,Saturday
2013-06-16,3.92,623.6246428571428,Sunday
2013-06-17,927.7,602.6953571428572,Monday
2013-06-18,766.88,600.6353571428572,Tuesday
2013-06-19,914.2845,595.9128571428572,Wednesday
2013-06-20,919.4075,604.7687142857143,Thursday
2013-06-21,650.1945000000001,598.0437857142858,Friday
2013-06-22,3.5999999999999996,597.9980714285714,Saturday
2013-06-23,3.5999999999999996,597.9523571428572,Sunday
2013-06-24,979.18,605.306642857143,Monday
2013-06-25,742.65,601.8452142857143,Tuesday
2013-06-26,934.3685,604.7143571428571,Wednesday
2013-06-27,861.289,596.4117142857143,Thursday
2013-06-28,653.303,596.8557857142857,Friday
2013-06-29,3.75,596.8772142857142,Saturday
2013-06-30,3.75,596.8986428571428,Sunday
2013-07-01,929.08,589.7415,Monday
2013-07-02,718.01,586.2215,Tuesday
2013-07-03,881.9185,578.7286428571429,Wednesday
2013-07-04,616.985,543.8280714285714,Thursday
2013-07-05,543.734,528.1753571428573,Friday
2013-07-06,8.6925,528.8814285714286,Saturday
2013-07-07,8.6925,529.5875,Sunday
2013-07-08,1007.86,540.8417857142857,Monday
2013-07-09,722.415,541.4710714285715,Tuesday
2013-07-10,919.9385,546.9025,Wednesday
2013-07-11,1019.2435,604.368,Thursday
2013-07-12,695.9045,626.1066428571429,Friday
2013-07-13,3.29,625.3348571428571,Saturday
2013-07-14,3.29,624.5630714285714,Sunday
2013-07-15,956.67,617.2502142857144,Monday
2013-07-16,738.09,619.4894999999999,Tuesday
2013-07-17,926.445,620.419,Wednesday
2013-07-18,898.119,603.1155,Thursday
2013-07-19,688.016,601.9885714285714,Friday
2013-07-20,2.7699999999999996,601.9142857142858,Saturday
2013-07-21,2.7699999999999996,601.84,Sunday
2013-07-22,970.61,603.8314285714285,Monday
2013-07-23,695.21,597.7057142857144,Tuesday
2013-07-24,918.471,596.5665714285715,Wednesday
2013-07-25,845.76,589.0867142857143,Thursday
2013-07-26,640.063,582.2362857142857,Friday
2013-07-27,3.87,582.3934285714286,Saturday
2013-07-28,3.87,582.5505714285715,Sunday
2013-07-29,969.52,582.3948571428572,Monday
2013-07-30,791.7925,596.1923571428571,Tuesday
2013-07-31,988.6155,606.213,Wednesday
2013-08-01,833.6925,604.4890714285714,Thursday
2013-08-02,670.532,608.8417857142857,Friday
2013-08-03,1.7000000000000002,608.5317857142857,Saturday
2013-08-04,1.7000000000000002,608.2217857142858,Sunday
2013-08-05,933.59,603.0889285714285,Monday
2013-08-06,684.17,587.7142857142857,Tuesday
2013-08-07,876.1084999999999,571.6418571428571,Wednesday
2013-08-08,841.1985,572.7141428571429,Thursday
2013-08-09,664.159,571.8037142857142,Friday
2013-08-10,1.8499999999999999,571.8251428571429,Saturday
2013-08-11,1.8499999999999999,571.8465714285715,Sunday
2013-08-12,927.12,570.9222857142857,Monday
2013-08-13,724.71,576.7137142857143,Tuesday
2013-08-14,875.782,576.6670714285714,Wednesday
2013-08-15,885.1754999999999,582.9495,Thursday
2013-08-16,633.7065,578.5991428571429,Friday
2013-08-17,2.38,578.6748571428571,Saturday
2013-08-18,2.38,578.7505714285714,Sunday
2013-08-19,938.36,580.3562857142857,Monday
2013-08-20,701.04,576.9748571428571,Tuesday
2013-08-21,909.5015,581.7919285714286,Wednesday
2013-08-22,877.425,580.6847142857142,Thursday
2013-08-23,656.097,583.8833571428571,Friday
2013-08-24,3.29,584.0133571428571,Saturday
2013-08-25,3.29,584.1433571428571,Sunday
2013-08-26,944.59,585.0333571428572,Monday
2013-08-27,732.34,589.5047857142857,Tuesday
2013-08-28,921.9185,591.2786428571428,Wednesday
2013-08-29,855.698,588.1747857142857,Thursday
2013-08-30,622.6355,583.3945714285715,Friday
2013-08-31,3.6799999999999997,583.4502857142858,Saturday
2013-09-01,3.6799999999999997,583.506,Sunday
2013-09-02,736.62,553.796,Monday
2013-09-03,698.3,548.9331428571429,Tuesday
2013-09-04,906.177,546.6843571428572,Wednesday
2013-09-05,901.844,553.2766428571429,Thursday
2013-09-06,740.339,570.0914285714287,Friday
2013-09-07,13.709999999999997,571.5242857142857,Saturday
2013-09-08,13.709999999999997,572.9571428571429,Sunday
2013-09-09,1130.02,629.157142857143,Monday
2013-09-10,792.98,642.6828571428571,Tuesday
2013-09-11,921.3155,644.8455000000001,Wednesday
2013-09-12,877.025,641.2999285714286,Thursday
2013-09-13,651.445,628.6007857142857,Friday
2013-09-14,3.2800000000000002,627.1107857142857,Saturday
2013-09-15,3.2800000000000002,625.6207857142856,Sunday
2013-09-16,987.7,605.2893571428573,Monday
2013-09-17,707.74,593.1122142857142,Tuesday
2013-09-18,892.75,589.0314285714286,Wednesday
2013-09-19,764.095,572.8985714285715,Thursday
2013-09-20,676.62,576.495,Friday
2013-09-21,2.0700000000000003,576.3221428571429,Saturday
2013-09-22,2.0700000000000003,576.1492857142857,Sunday
2013-09-23,993.35,576.9564285714285,Monday
2013-09-24,784.06,587.8592857142856,Tuesday
2013-09-25,916.1,591.1949999999999,Wednesday
2013-09-26,874.82,607.0128571428571,Thursday
2013-09-27,698.76,610.1757142857143,Friday
2013-09-28,2.77,610.2757142857142,Saturday
2013-09-29,0.86,610.1028571428571,Sunday
2013-09-30,999.16,610.9328571428571,Monday
2013-10-01,752.77,606.4628571428572,Tuesday
2013-10-02,890.0515,602.7416428571429,Wednesday
2013-10-03,841.732,598.0147857142857,Thursday
2013-10-04,693.1505,597.2134285714285,Friday
2013-10-05,1.9300000000000002,597.0934285714286,Saturday
2013-10-06,1.9300000000000002,597.2462857142856,Sunday
2013-10-07,987.92,595.6405714285713,Monday
2013-10-08,764.1,597.2591428571429,Tuesday
2013-10-09,910.451,600.1733571428571,Wednesday
2013-10-10,821.4625,597.2777142857142,Thursday
2013-10-11,678.1475,595.1344285714285,Friday
2013-10-12,1.35,595.0515714285714,Saturday
2013-10-13,1.35,594.9687142857143,Sunday
2013-10-14,954.73,590.2272857142858,Monday
2013-10-15,804.61,596.0144285714285,Tuesday
2013-10-16,896.64,594.0414285714286,Wednesday
2013-10-17,911.3215,606.8784285714286,Thursday
2013-10-18,702.734,610.3907857142858,Friday
2013-10-19,2.62,610.5722142857143,Saturday
2013-10-20,2.62,610.753642857143,Sunday
2013-10-21,1000.71,617.3222142857143,Monday
2013-10-22,780.8,613.9207857142857,Tuesday
2013-10-23,924.73,617.9336428571429,Wednesday
2013-10-24,862.2845,610.9283571428571,Thursday
2013-10-25,673.742,606.786642857143,Friday
2013-10-26,2.97,606.8366428571428,Saturday
2013-10-27,2.97,606.8866428571429,Sunday
2013-10-28,993.095,605.7987857142856,Monday
2013-10-29,770.98,604.3959285714285,Tuesday
2013-10-30,841.856,592.5567857142858,Wednesday
2013-10-31,923.63,601.3204285714286,Thursday
2013-11-01,719.761,607.8945714285716,Friday
2013-11-02,103.32,622.2302857142857,Saturday
2013-11-03,288.12,662.966,Sunday
2013-11-04,1342.151,712.8311428571429,Monday
2013-11-05,1019.8,748.3768571428573,Tuesday
2013-11-06,1187.7025,797.7834999999999,Wednesday
2013-11-07,1070.9125,818.8238571428572,Thursday
2013-11-08,947.0765,851.2975,Friday
2013-11-09,152.86,858.3746428571429,Saturday
2013-11-10,146.45,838.1360714285714,Sunday
2013-11-11,1012.86,791.0945,Monday
2013-11-12,862.78,768.6630714285715,Tuesday
2013-11-13,906.5825,728.5030714285714,Wednesday
2013-11-14,872.6545,700.1805,Thursday
2013-11-15,674.9005,661.2982142857143,Friday
2013-11-16,57.85,647.7253571428571,Saturday
2013-11-17,66.81,636.3482142857143,Sunday
2013-11-18,1005.92,635.3567857142856,Monday
2013-11-19,810.4399999999999,627.8796428571429,Tuesday
2013-11-20,930.77,631.3349999999999,Wednesday
2013-11-21,821.647,624.0482142857143,Thursday
2013-11-22,717.349,630.1122857142857,Friday
2013-11-23,26.05,625.5694285714287,Saturday
2013-11-24,26.05,619.7465714285714,Sunday
2013-11-25,844.965,596.7529999999999,Monday
2013-11-26,673.96,577.2558571428572,Tuesday
2013-11-27,787.824,556.8349999999999,Wednesday
2013-11-28,0.0,439.45685714285713,Thursday
2013-11-29,694.0145,436.1233571428572,Friday
2013-11-30,721.6055,535.4884285714286,Saturday
2013-12-01,0.66,531.8612857142857,Sunday
2013-12-02,1172.28,578.6205714285715,Monday
2013-12-03,895.69,610.2962857142858,Tuesday
2013-12-04,1123.489,658.2484285714287,Wednesday
2013-12-05,988.7085,799.4925000000001,Thursday
2013-12-06,797.035,814.2097142857143,Friday
2013-12-07,41.230000000000004,717.0132142857144,Saturday
2013-12-08,41.230000000000004,722.8089285714286,Sunday
2013-12-09,1008.864,699.4637857142858,Monday
2013-12-10,731.92,676.0680714285716,Tuesday
2013-12-11,906.1485,645.0194285714285,Wednesday
2013-12-12,854.787,625.8877857142858,Thursday
2013-12-13,931.7245,645.1291428571429,Friday
2013-12-14,8.77,640.492,Saturday
2013-12-15,8.77,635.8548571428572,Sunday
2013-12-16,990.37,633.2128571428572,Monday
2013-12-17,802.51,643.2971428571428,Tuesday
2013-12-18,943.0575,648.5698571428571,Wednesday
2013-12-19,930.39,659.3702857142856,Thursday
2013-12-20,840.527,646.3420714285713,Friday
2013-12-21,2.58,645.4577857142857,Saturday
2013-12-22,0.51,644.2777857142856,Sunday
2013-12-23,955.45,639.2892142857143,Monday
2013-12-24,649.08,617.3706428571429,Tuesday
2013-12-25,649.08,575.3738571428572,Wednesday
2013-12-26,893.477,570.1005714285715,Thursday
2013-12-27,940.5115,584.3840714285715,Friday
2013-12-28,850.0055,705.4448571428571,Saturday
2013-12-29,850.0055,826.8013571428571,Sunday
2013-12-30,1102.59,847.8213571428571,Monday
2013-12-31,840.24,875.1299285714285,Tuesday
2014-01-01,0.2,782.4327857142856,Wednesday
2014-01-02,1128.043,815.9422142857144,Thursday
2014-01-03,986.8815,822.5664999999999,Friday
2014-01-04,835.5965,820.5080714285714,Saturday
2014-01-05,835.5965,818.4496428571429,Sunday
2014-01-06,1212.25,834.1153571428571,Monday
2014-01-07,853.21,835.9682142857143,Tuesday
2014-01-08,1040.4625,984.577142857143,Wednesday
2014-01-09,896.5775,951.5106428571428,Thursday
2014-01-10,807.717,925.9157142857142,Friday
2014-01-11,10.139999999999999,807.9933571428571,Saturday
2014-01-12,10.139999999999999,690.071,Sunday
2014-01-13,1096.22,673.4952857142858,Monday
2014-01-14,859.85,674.4438571428572,Tuesday
2014-01-15,983.579,666.3176428571429,Wednesday
2014-01-16,923.083,670.1041428571428,Thursday
2014-01-17,769.5895,664.6573571428571,Friday
2014-01-18,11.33,664.8273571428571,Saturday
2014-01-19,11.33,664.9973571428571,Sunday
2014-01-20,991.58,650.0487857142858,Monday
2014-01-21,795.4,640.8416428571428,Tuesday
2014-01-22,945.21,635.3603571428572,Wednesday
2014-01-23,969.571,642.0015000000001,Thursday
2014-01-24,969.571,670.5702857142858,Friday
2014-01-25,714.295,770.9938571428572,Saturday
2014-01-26,714.295,871.4174285714287,Sunday
2014-01-27,1025.1,876.2060000000001,Monday
2014-01-28,1025.1,909.0202857142857,Tuesday
2014-01-29,763.67,883.086,Wednesday
2014-01-30,889.976,871.7152857142856,Thursday
2014-01-31,809.921,848.9081428571428,Friday
2014-02-01,696.2,846.3231428571428,Saturday
2014-02-02,696.2,843.7381428571427,Sunday
2014-02-03,973.48,836.3638571428571,Monday
2014-02-04,668.81,785.4652857142856,Tuesday
2014-02-05,853.9415,798.3612142857144,Wednesday
2014-02-06,741.4185,777.1387142857144,Thursday
2014-02-07,741.4185,767.3526428571429,Friday
2014-02-08,628.6155,757.6977142857143,Saturday
2014-02-09,628.6155,748.0427857142856,Sunday
2014-02-10,998.85,751.6670714285714,Monday
2014-02-11,702.04,756.4142142857144,Tuesday
2014-02-12,868.823,758.5401428571429,Wednesday
2014-02-13,837.8205,772.3118571428571,Thursday
2014-02-14,613.7915,754.0794285714286,Friday
2014-02-15,2.75,664.6700714285715,Saturday
2014-02-16,2.75,575.2607142857142,Sunday
2014-02-17,989.78,573.965,Monday
2014-02-18,949.7915,609.3580714285715,Tuesday
2014-02-19,1011.2395,629.7032857142858,Wednesday
2014-02-20,982.728,650.4043571428572,Thursday
2014-02-21,844.535,683.3677142857143,Friday
2014-02-22,5.19,683.7162857142857,Saturday
2014-02-23,2.93,683.7420000000001,Sunday
2014-02-24,1144.51,705.8462857142857,Monday
2014-02-25,857.98,692.7303571428572,Tuesday
2014-02-26,985.039,688.9874285714286,Wednesday
2014-02-27,873.066,673.3214285714286,Thursday
2014-02-28,726.1285,656.4062142857143,Friday
2014-03-01,2.97,656.0890714285715,Saturday
2014-03-02,2.97,656.0947857142856,Sunday
2014-03-03,945.65,627.6862142857143,Monday
2014-03-04,649.31,597.8762142857142,Tuesday
2014-03-05,914.2305,587.7607142857142,Wednesday
2014-03-06,858.357,585.6594285714285,Thursday
2014-03-07,703.8995,582.4838571428571,Friday
2014-03-08,0.6799999999999999,582.1567142857143,Saturday
2014-03-09,0.0,581.7324285714286,Sunday
2014-03-10,935.97,580.3495714285714,Monday
2014-03-11,715.75,589.841,Tuesday
2014-03-12,881.961,585.2310714285715,Wednesday
2014-03-13,845.1475,583.344,Thursday
2014-03-14,701.8345,583.049,Friday
2014-03-15,7.3,583.9947142857143,Saturday
2014-03-16,0.0,583.9947142857143,Sunday
2014-03-17,1112.99,609.2832857142857,Monday
2014-03-18,878.825,632.5797142857143,Tuesday
2014-03-19,991.4745,648.2245,Wednesday
2014-03-20,937.2555,661.3827857142858,Thursday
2014-03-21,808.284,676.5898571428571,Friday
2014-03-22,3.8499999999999996,676.097,Saturday
2014-03-23,3.8499999999999996,676.6469999999999,Sunday
2014-03-24,1187.54,687.2969999999999,Monday
2014-03-25,854.75,683.8577142857142,Tuesday
2014-03-26,1114.347,701.4109285714286,Wednesday
2014-03-27,933.3945,700.8593571428571,Thursday
2014-03-28,782.7475,697.2112857142857,Friday
2014-03-29,2.6399999999999997,697.0384285714284,Saturday
2014-03-30,0.0,696.4884285714286,Sunday
2014-03-31,1250.67,705.507,Monday
2014-04-01,942.27,718.0098571428572,Tuesday
2014-04-02,1180.654,727.4822857142857,Wednesday
2014-04-03,1081.807,748.6840714285714,Thursday
2014-04-04,859.711,759.6788571428572,Friday
2014-04-05,2.8200000000000003,759.7045714285714,Saturday
2014-04-06,2.8200000000000003,760.1074285714285,Sunday
2014-04-07,1135.76,743.6917142857143,Monday
2014-04-08,942.38,743.7074285714286,Tuesday
2014-04-09,1078.224,729.0745714285714,Wednesday
2014-04-10,1088.411,730.018,Thursday
2014-04-11,807.0605,722.4965000000001,Friday
2014-04-12,1.57,722.3179285714286,Saturday
2014-04-13,1.57,722.1393571428572,Sunday
2014-04-14,1317.2,748.0593571428573,Monday
2014-04-15,952.3,749.4765,Tuesday
2014-04-16,1163.2065,761.6168571428572,Wednesday
2014-04-17,1101.9255,763.5475,Thursday
2014-04-18,881.088,774.1228571428572,Friday
2014-04-19,1.32,774.0871428571428,Saturday
2014-04-20,8.8,775.12,Sunday
2014-04-21,1228.01,762.3785714285714,Monday
2014-04-22,993.45,768.2571428571429,Tuesday
2014-04-23,1065.2005,754.2562857142857,Wednesday
2014-04-24,1159.8055,762.5248571428571,Thursday
2014-04-25,864.8615,760.2067857142857,Friday
2014-04-26,1.88,760.2867857142857,Saturday
2014-04-27,1.16,759.1953571428572,Sunday
2014-04-28,1121.41,743.9667857142857,Monday
2014-04-29,905.91,731.4610714285715,Tuesday
2014-04-30,1160.2975,745.0463571428571,Wednesday
2014-05-01,1092.0045,735.3604999999999,Thursday
2014-05-02,918.937,743.0855714285715,Friday
2014-05-03,3.96,743.3827142857143,Saturday
2014-05-04,3.96,743.7827142857143,Sunday
2014-05-05,1073.57,736.9484285714286,Monday
2014-05-06,900.99,736.2455714285715,Tuesday
2014-05-07,1124.734,731.1650714285714,Wednesday
2014-05-08,984.3225,715.7819285714286,Thursday
2014-05-09,803.9035,699.3485714285714,Friday
2014-05-10,2.5,699.14,Saturday
2014-05-11,2.5,698.9314285714285,Sunday
2014-05-12,1038.18,693.8757142857143,Monday
2014-05-13,822.26,682.6285714285714,Tuesday
2014-05-14,1041.994,670.8085714285714,Wednesday
2014-05-15,999.4165,672.9648571428571,Thursday
2014-05-16,859.89,680.9629285714285,Friday
2014-05-17,12.530000000000001,682.3957857142857,Saturday
2014-05-18,12.530000000000001,683.8286428571428,Sunday
2014-05-19,1124.56,696.1686428571429,Monday
2014-05-20,917.52,709.7772142857142,Tuesday
2014-05-21,1084.87,715.9023571428571,Wednesday
2014-05-22,1043.456,722.1937142857142,Thursday
2014-05-23,781.682,711.0211428571429,Friday
2014-05-24,4.6,709.8882857142856,Saturday
2014-05-25,4.6,708.7554285714285,Sunday
2014-05-26,932.77,681.356857142857,Monday
2014-05-27,798.64,664.3739999999999,Tuesday
2014-05-28,1074.315,662.8661428571429,Wednesday
2014-05-29,1035.8885,661.7850714285714,Thursday
2014-05-30,885.558,676.6245,Friday
2014-05-31,1.53,676.1859285714285,Saturday
2014-06-01,1.53,675.7473571428573,Sunday
2014-06-02,1190.21,712.5245000000001,Monday
2014-06-03,889.12,725.4502142857144,Tuesday
2014-06-04,966.075,709.9873571428571,Wednesday
2014-06-05,887.927,688.85,Thursday
2014-06-06,775.009,673.0572857142857,Friday
2014-06-07,3.6199999999999997,673.3558571428572,Saturday
2014-06-08,0.65,673.2301428571428,Sunday
2014-06-09,1116.85,662.7501428571429,Monday
2014-06-10,785.25,647.9115714285715,Tuesday
2014-06-11,988.3045,651.0872142857143,Wednesday
2014-06-12,943.128,658.9730714285714,Thursday
2014-06-13,883.192,674.4277857142857,Friday
2014-06-14,75.83,684.7434999999999,Saturday
2014-06-15,75.83,695.4835,Sunday
2014-06-16,1094.02,692.2220714285714,Monday
2014-06-17,835.18,699.3549285714287,Tuesday
2014-06-18,998.177,700.7652857142857,Wednesday
2014-06-19,913.559,696.5411428571427,Thursday
2014-06-20,790.588,683.3119999999999,Friday
2014-06-21,49.48,679.5477142857143,Saturday
2014-06-22,49.48,675.7834285714285,Sunday
2014-06-23,1121.44,679.7005714285715,Monday
2014-06-24,756.68,668.4862857142858,Tuesday
2014-06-25,990.5915,667.402642857143,Wednesday
2014-06-26,949.6145,672.5534285714285,Thursday
2014-06-27,822.5495,677.1193571428572,Friday
2014-06-28,39.61,675.7093571428571,Saturday
2014-06-29,39.61,674.2993571428572,Sunday
2014-06-30,1046.286,663.5630714285714,Monday
2014-07-01,768.21,665.2102142857142,Tuesday
2014-07-02,1084.6405,678.6457857142858,Wednesday
2014-07-03,923.264,674.8814285714286,Thursday
2014-07-04,583.758,640.7683571428571,Friday
2014-07-05,4.08,635.6926428571429,Saturday
2014-07-06,4.08,630.6169285714285,Sunday
2014-07-07,1100.13,638.3089285714286,Monday
2014-07-08,743.97,634.8460714285715,Tuesday
2014-07-09,982.276,620.2225714285714,Wednesday
2014-07-10,1003.825,631.7312857142857,Thursday
2014-07-11,831.4945,667.1222142857143,Friday
2014-07-12,60.24,675.1450714285714,Saturday
2014-07-13,60.24,683.1679285714287,Sunday
2014-07-14,985.78,666.8322142857143,Monday
2014-07-15,759.4,669.0365,Tuesday
2014-07-16,934.83,662.2585,Wednesday
2014-07-17,878.981,644.4236428571429,Thursday
2014-07-18,722.9885,628.9227857142857,Friday
2014-07-19,3.52,620.8199285714287,Saturday
2014-07-20,3.52,612.7170714285713,Sunday
2014-07-21,995.67,614.1299285714285,Monday
2014-07-22,700.11,605.6599285714286,Tuesday
2014-07-23,987.493,613.1832142857144,Wednesday
2014-07-24,1019.055,633.1937857142857,Thursday
2014-07-25,743.26,636.0897142857142,Friday
2014-07-26,13.26,637.4811428571429,Saturday
2014-07-27,13.26,638.8725714285714,Sunday
2014-07-28,993.39,638.5468571428572,Monday
2014-07-29,748.9,645.5168571428572,Tuesday
2014-07-30,954.48,640.8007142857142,Wednesday
2014-07-31,887.62,622.0242857142857,Thursday
2014-08-01,711.0445,617.4220714285714,Friday
2014-08-02,1.55,615.7492142857143,Saturday
2014-08-03,1.55,614.0763571428571,Sunday
2014-08-04,969.47,610.6592142857143,Monday
2014-08-05,694.32,602.8620714285714,Tuesday
2014-08-06,903.2255,595.54,Wednesday
2014-08-07,852.161,590.4744285714286,Thursday
2014-08-08,680.559,586.1193571428572,Friday
2014-08-09,2.23,586.2164999999999,Saturday
2014-08-10,2.23,586.3136428571428,Sunday
2014-08-11,943.6,582.6179285714286,Monday
2014-08-12,699.783,583.3983571428571,Tuesday
2014-08-13,879.385,579.9925714285714,Wednesday
2014-08-14,871.6395,582.7752142857144,Thursday
2014-08-15,818.9159999999999,602.5405,Friday
2014-08-16,3.27,602.6890714285715,Saturday
2014-08-17,3.27,602.8376428571429,Sunday
2014-08-18,980.71,608.1390714285715,Monday
2014-08-19,682.16,605.6215,Tuesday
2014-08-20,1030.817,627.2546428571428,Wednesday
2014-08-21,862.999,626.0202857142857,Thursday
2014-08-22,724.4145,612.5200714285713,Friday
2014-08-23,2.37,612.3914999999998,Saturday
2014-08-24,2.37,612.2629285714286,Sunday
2014-08-25,922.94,604.0100714285715,Monday
2014-08-26,728.11,610.5743571428573,Tuesday
2014-08-27,940.2205,597.632,Wednesday
2014-08-28,917.11,605.3621428571429,Thursday
2014-08-29,786.86,614.2829285714286,Friday
2014-08-30,3.66,614.4672142857144,Saturday
2014-08-31,3.66,614.6515,Sunday
2014-09-01,897.5699999999999,611.0272142857144,Monday
2014-09-02,726.64,610.8172142857144,Tuesday
2014-09-03,1081.671,631.0244285714286,Wednesday
2014-09-04,937.8465,633.9867857142857,Thursday
2014-09-05,839.495,641.5060714285713,Friday
2014-09-06,9.13,642.2875,Saturday
2014-09-07,9.13,643.0689285714286,Sunday
2014-09-08,1078.71,668.9460714285715,Monday
2014-09-09,773.34,675.6175000000001,Tuesday
2014-09-10,948.017,656.5240714285713,Wednesday
2014-09-11,927.7345,655.0794999999999,Thursday
2014-09-12,737.1405,640.4574285714286,Friday
2014-09-13,31.5,643.6531428571428,Saturday
2014-09-14,31.5,646.8488571428571,Sunday
2014-09-15,1000.9865,635.7455,Monday
2014-09-16,735.6195,630.3568571428572,Tuesday
2014-09-17,897.6655,623.1637857142857,Wednesday
2014-09-18,898.554,618.9951428571428,Thursday
2014-09-19,739.992,619.4025,Friday
2014-09-20,6.359999999999999,615.8110714285714,Saturday
2014-09-21,6.359999999999999,612.2196428571427,Sunday
2014-09-22,983.84,609.7701428571428,Monday
2014-09-23,794.69,618.2087857142858,Tuesday
2014-09-24,933.97,623.3951428571428,Wednesday
2014-09-25,866.02,618.7474285714286,Thursday
2014-09-26,680.76,610.2857142857143,Friday
2014-09-27,2.83,609.7814285714286,Saturday
2014-09-28,2.83,609.2771428571428,Sunday
2014-09-29,1023.16,614.8942857142857,Monday
2014-09-30,753.04,608.9442857142858,Tuesday
2014-10-01,911.7025,605.7632142857143,Wednesday
2014-10-02,876.9715,607.3277142857143,Thursday
2014-10-03,690.384,608.7025714285713,Friday
2014-10-04,8.76,609.5497142857142,Saturday
2014-10-05,8.76,610.3968571428571,Sunday
2014-10-06,975.375,603.5704285714286,Monday
2014-10-07,786.99,608.4204285714286,Tuesday
2014-10-08,902.4045,607.0921428571429,Wednesday
2014-10-09,799.138,595.9730714285714,Thursday
2014-10-10,725.6795,601.0152857142857,Friday
2014-10-11,0.5800000000000001,599.8467142857143,Saturday
2014-10-12,0.5800000000000001,598.6781428571428,Sunday
2014-10-13,970.27,597.9488571428572,Monday
2014-10-14,725.14,589.1131428571429,Tuesday
2014-10-15,899.292,588.6685,Wednesday
2014-10-16,837.7855,594.1895714285714,Thursday
2014-10-17,752.9645,598.0874285714286,Friday
2014-10-18,14.98,600.1445714285713,Saturday
2014-10-19,14.98,602.2017142857143,Sunday
2014-10-20,987.46,604.6574285714286,Monday
2014-10-21,764.13,610.2274285714285,Tuesday
2014-10-22,904.969,611.0384285714287,Wednesday
2014-10-23,827.344,609.5467857142858,Thursday
2014-10-24,702.7675,602.3757857142857,Friday
2014-10-25,7.529999999999999,601.3115,Saturday
2014-10-26,7.529999999999999,600.2472142857142,Sunday
2014-10-27,958.56,596.1186428571428,Monday
2014-10-28,688.415,585.3022142857143,Tuesday
2014-10-29,810.2405,571.7695714285713,Wednesday
2014-10-30,869.692,577.8192857142857,Thursday
2014-10-31,701.872,577.6913571428571,Friday
2014-11-01,2.6,576.9870714285714,Saturday
2014-11-02,2.6,576.2827857142858,Sunday
2014-11-03,1041.71,588.1613571428571,Monday
2014-11-04,825.24,607.7077857142857,Tuesday
2014-11-05,934.848,625.5088571428571,Wednesday
2014-11-06,885.764,627.8048571428571,Thursday
2014-11-07,753.884,635.2351428571428,Friday
2014-11-08,3.75,635.3994285714285,Saturday
2014-11-09,3.75,635.5637142857142,Sunday
2014-11-10,1011.02,631.1794285714286,Monday
2014-11-11,704.19,613.8865714285714,Tuesday
2014-11-12,897.814,608.5960000000001,Wednesday
2014-11-13,830.4025,600.6872142857143,Thursday
2014-11-14,682.076,590.4289285714285,Friday
2014-11-15,8.04,591.0417857142857,Saturday
2014-11-16,0.44,590.5689285714286,Sunday
2014-11-17,839.1,566.0089285714286,Monday
2014-11-18,691.94,564.2589285714286,Tuesday
2014-11-19,837.6365,555.6621428571428,Wednesday
2014-11-20,801.507,551.5342142857143,Thursday
2014-11-21,699.2085,553.9817142857142,Friday
2014-11-22,2.03,553.1231428571429,Saturday
2014-11-23,2.03,553.3502857142856,Sunday
2014-11-24,1011.13,577.926,Monday
2014-11-25,733.06,583.8002857142857,Tuesday
2014-11-26,864.134,587.5856428571427,Wednesday
2014-11-27,59.6225,481.6021428571429,Thursday
2014-11-28,760.134,490.3057857142857,Friday
2014-11-29,774.029,600.5913571428571,Saturday
2014-11-30,0.0,600.3013571428572,Sunday
2014-12-01,1164.71,622.2413571428572,Monday
2014-12-02,934.86,651.0699285714285,Tuesday
2014-12-03,1184.3345,696.8128571428572,Wednesday
2014-12-04,1091.301,844.1955,Thursday
2014-12-05,891.3605,862.9421428571429,Friday
2014-12-06,20.79,755.3365714285713,Saturday
2014-12-07,0.0,755.3365714285713,Sunday
2014-12-08,1167.364,755.7157142857143,Monday
2014-12-09,906.98,751.7328571428571,Tuesday
2014-12-10,1083.298,737.2990714285714,Wednesday
2014-12-11,1050.5155,731.4725714285714,Thursday
2014-12-12,966.377,742.1892142857143,Friday
2014-12-13,10.11,740.6635,Saturday
2014-12-14,0.0,740.6635,Sunday
2014-12-15,1117.16,733.4915,Monday
2014-12-16,882.41,729.9815,Tuesday
2014-12-17,1120.5035,735.2965714285714,Wednesday
2014-12-18,1007.499,729.151357142857,Thursday
2014-12-19,895.972,719.0935000000001,Friday
2014-12-20,6.550000000000001,718.5849285714286,Saturday
2014-12-21,0.0,718.5849285714286,Sunday
2014-12-22,986.48,699.9163571428571,Monday
2014-12-23,694.8,673.1149285714285,Tuesday
2014-12-24,869.543,637.2634285714286,Wednesday
2014-12-25,869.543,617.5554285714286,Thursday
2014-12-26,861.871,612.6838571428572,Friday
2014-12-27,804.6505,726.6982142857142,Saturday
2014-12-28,0.0,726.6982142857142,Sunday
2014-12-29,1018.68,731.2982142857143,Monday
2014-12-30,790.09,744.9110714285714,Tuesday
2014-12-31,1008.1705,764.715,Wednesday
2015-01-01,0.0,640.4945714285714,Thursday
2015-01-02,903.067,646.3797142857144,Friday
2015-01-03,742.5885,637.5137142857142,Saturday
2015-01-04,0.0,637.5137142857142,Sunday
2015-01-05,1233.11,668.1465714285714,Monday
2015-01-06,855.145,677.4401428571429,Tuesday
2015-01-07,1110.205,692.0165,Wednesday
2015-01-08,968.5475,830.3804285714285,Thursday
2015-01-09,793.885,814.783,Friday
2015-01-10,793.885,822.1110714285714,Saturday
2015-01-11,0.0,822.1110714285714,Sunday
2015-01-12,1026.97,792.6624999999998,Monday
2015-01-13,769.52,780.4303571428571,Tuesday
2015-01-14,922.959,753.6809285714286,Wednesday
2015-01-15,816.046,731.8950000000001,Thursday
2015-01-16,712.7555,720.3050714285715,Friday
2015-01-17,7.63,607.9829285714286,Saturday
2015-01-18,0.0,607.9829285714286,Sunday
2015-01-19,1005.085,604.8565,Monday
2015-01-20,815.145,611.3743571428571,Tuesday
2015-01-21,981.2005,619.6945714285714,Wednesday
2015-01-22,952.689,639.215,Thursday
2015-01-23,771.778,647.6467857142858,Friday
2015-01-24,13.19,648.4410714285714,Saturday
2015-01-25,0.0,648.4410714285714,Sunday
2015-01-26,1016.1,650.0146428571428,Monday
2015-01-27,776.35,644.4725,Tuesday
2015-01-28,938.1995000000001,638.3295,Wednesday
2015-01-29,961.8405,639.6368571428571,Thursday
2015-01-30,800.8100000000001,643.7842857142857,Friday
2015-01-31,3.0599999999999996,642.3371428571429,Saturday
2015-02-01,3.0599999999999996,642.7742857142858,Sunday
2015-02-02,981.64,637.8514285714285,Monday
2015-02-03,710.62,628.4614285714285,Tuesday
2015-02-04,870.964,618.8563571428573,Wednesday
2015-02-05,845.2665,602.2029285714286,Thursday
2015-02-06,716.7375,590.1925714285715,Friday
2015-02-07,7.06,590.764,Saturday
2015-02-08,7.06,591.3354285714286,Sunday
2015-02-09,1027.86,597.9382857142856,Monday
2015-02-10,761.79,605.2482857142857,Tuesday
2015-02-11,978.84,620.6591428571428,Wednesday
2015-02-12,955.454,636.4002142857142,Thursday
2015-02-13,783.049,645.8732857142857,Friday
2015-02-14,2.34,645.1989999999998,Saturday
2015-02-15,2.34,644.5247142857143,Sunday
2015-02-16,1080.275,652.0125714285714,Monday
2015-02-17,742.74,649.291142857143,Tuesday
2015-02-18,967.703,647.7001428571429,Wednesday
2015-02-19,909.667,641.1591428571428,Thursday
2015-02-20,773.922,639.8552857142857,Friday
2015-02-21,5.99,640.3767142857142,Saturday
2015-02-22,5.99,640.8981428571427,Sunday
2015-02-23,980.42,626.6331428571428,Monday
2015-02-24,731.53,625.0317142857142,Tuesday
2015-02-25,902.352,615.6958571428571,Wednesday
2015-02-26,861.6655,608.8385,Thursday
2015-02-27,663.431,593.0540714285714,Friday
2015-02-28,1.13,592.3597857142857,Saturday
2015-03-01,1.13,591.6655000000001,Sunday
2015-03-02,893.73,579.2812142857143,Monday
2015-03-03,653.52,568.1369285714285,Tuesday
2015-03-04,822.0335,556.6628571428572,Wednesday
2015-03-05,20.650000000000002,436.5177857142857,Thursday
2015-03-06,846.212,462.62935714285715,Friday
2015-03-07,639.3975,553.8104285714286,Saturday
2015-03-08,639.3975,644.9915,Sunday
2015-03-09,928.0600000000001,649.8957857142858,Monday
2015-03-10,742.16,662.5586428571429,Tuesday
2015-03-11,913.4025,675.6113571428572,Wednesday
2015-03-12,861.3075,795.7052857142857,Thursday
2015-03-13,697.0245,774.3927857142857,Friday
2015-03-14,3.7,683.5788571428573,Saturday
2015-03-15,0.0,592.2363571428572,Sunday
2015-03-16,1149.25,623.8349285714285,Monday
2015-03-17,822.24,635.2749285714286,Tuesday
2015-03-18,1046.6445,654.3095,Wednesday
2015-03-19,990.198,672.7224285714285,Thursday
2015-03-20,949.14,708.7389285714286,Friday
2015-03-21,299.88,751.0503571428571,Saturday
2015-03-22,0.0,751.0503571428571,Sunday
2015-03-23,1260.76,766.9803571428572,Monday
2015-03-24,1068.975,802.2282142857142,Tuesday
2015-03-25,1236.7165,829.3813571428572,Wednesday
2015-03-26,1161.794,853.8950714285713,Thursday
2015-03-27,914.503,848.9469285714287,Friday
2015-03-28,77.38,817.1612142857144,Saturday
2015-03-29,0.0,817.1612142857144,Sunday
2015-03-30,1267.1445,818.0732857142857,Monday
2015-03-31,1031.32,812.6940000000001,Tuesday
2015-04-01,1174.721,803.8375,Wednesday
2015-04-02,1177.5595,806.0897142857144,Thursday
2015-04-03,1031.334,822.7798571428572,Friday
2015-04-04,257.08,848.4512857142856,Saturday
2015-04-05,257.08,885.1769999999999,Sunday
2015-04-06,1158.45,869.6492142857143,Monday
2015-04-07,944.58,857.2577857142859,Tuesday
2015-04-08,1219.3885,863.6388571428571,Wednesday
2015-04-09,1085.0585,850.4244285714285,Thursday
2015-04-10,810.41,818.8638571428572,Friday
2015-04-11,40.69,787.951,Saturday
2015-04-12,0.52,751.2995714285715,Sunday
2015-04-13,1212.18,758.9752857142857,Monday
2015-04-14,843.32,744.5095714285715,Tuesday
2015-04-15,1141.7995,733.4254285714286,Wednesday
2015-04-16,1022.733,724.5217857142858,Thursday
2015-04-17,813.235,724.9253571428571,Friday
2015-04-18,72.26,729.4353571428571,Saturday
2015-04-19,72.26,739.6839285714286,Sunday
2015-04-20,1188.38,736.2839285714286,Monday
2015-04-21,920.82,747.3553571428572,Tuesday
2015-04-22,1148.935,748.3747142857143,Wednesday
2015-04-23,1101.2475,759.5910714285714,Thursday
2015-04-24,877.92,768.8317857142857,Friday
2015-04-25,68.4,768.280357142857,Saturday
2015-04-26,68.4,767.7289285714286,Sunday
2015-04-27,1222.24,772.5660714285714,Monday
2015-04-28,941.18,775.4746428571428,Tuesday
2015-04-29,1100.785,768.5960714285715,Wednesday
2015-04-30,1022.24,757.3092857142857,Thursday
2015-05-01,866.5725,755.6882142857143,Friday
2015-05-02,67.04,755.4939285714287,Saturday
2015-05-03,67.04,755.2996428571429,Sunday
2015-05-04,1144.09,744.1353571428572,Monday
2015-05-05,953.5,745.8953571428572,Tuesday
2015-05-06,1131.203,750.2407857142856,Wednesday
2015-05-07,1047.112,753.7939285714285,Thursday
2015-05-08,880.5045,755.7842142857143,Friday
2015-05-09,86.71,758.5942142857142,Saturday
2015-05-10,86.71,761.4042142857143,Sunday
2015-05-11,1086.8799999999999,753.2313571428571,Monday
2015-05-12,747.15,723.7527857142857,Tuesday
2015-05-13,977.5935,701.8085714285714,Wednesday
2015-05-14,927.272,684.6885714285714,Thursday
2015-05-15,722.763,662.1540714285715,Friday
2015-05-16,2.65,650.1455,Saturday
2015-05-17,0.0,637.7583571428571,Sunday
2015-05-18,1060.2,633.9469285714285,Monday
2015-05-19,884.7,653.5969285714285,Tuesday
2015-05-20,1086.267,669.1217142857142,Wednesday
2015-05-21,986.21,677.5414285714286,Thursday
2015-05-22,892.835,701.8374285714286,Friday
2015-05-23,99.14,715.6217142857142,Saturday
2015-05-24,99.14,729.7845714285714,Sunday
2015-05-25,1024.34,724.6617142857142,Monday
2015-05-26,826.57,716.3574285714286,Tuesday
2015-05-27,1153.7565,725.9987857142858,Wednesday
2015-05-28,1092.3885,741.1671428571428,Thursday
2015-05-29,955.209,750.0777142857143,Friday
2015-05-30,216.492,766.8422857142857,Saturday
2015-05-31,216.492,783.606857142857,Sunday
2015-06-01,1241.755,814.666142857143,Monday
2015-06-02,945.635,831.6754285714285,Tuesday
2015-06-03,1155.2885,831.8942857142857,Wednesday
2015-06-04,1059.771,827.2346428571428,Thursday
2015-06-05,884.7,817.1619285714286,Friday
2015-06-06,180.57,812.0302142857144,Saturday
2015-06-07,180.57,806.8985,Sunday
2015-06-08,1214.8,803.0477857142857,Monday
2015-06-09,829.34,786.4342142857143,Tuesday
2015-06-10,1032.9375,768.9555,Wednesday
2015-06-11,998.766,760.2405,Thursday
2015-06-12,823.235,751.4597857142859,Friday
2015-06-13,202.62,754.6097857142857,Saturday
2015-06-14,202.62,757.7597857142857,Sunday
2015-06-15,1022.575,730.2990714285714,Monday
2015-06-16,772.25,722.1433571428571,Tuesday
2015-06-17,1035.105,722.4530000000001,Wednesday
2015-06-18,957.504,716.5584285714285,Thursday
2015-06-19,832.439,717.8732857142858,Friday
2015-06-20,133.43,707.9890000000001,Saturday
2015-06-21,133.43,698.1047142857142,Sunday
2015-06-22,1069.06,704.7454285714285,Monday
2015-06-23,775.26,705.1754285714286,Tuesday
2015-06-24,1067.4995,709.8032142857144,Wednesday
2015-06-25,996.0965,715.3164285714286,Thursday
2015-06-26,827.792,714.6525714285714,Friday
2015-06-27,186.33,722.2097142857143,Saturday
2015-06-28,186.33,729.766857142857,Sunday
2015-06-29,1071.34,730.0925714285714,Monday
2015-06-30,879.01,744.9139999999999,Tuesday
2015-07-01,1087.887,747.8265,Wednesday
2015-07-02,976.2675,744.9937857142858,Thursday
2015-07-03,783.6995000000001,738.6948571428571,Friday
2015-07-04,91.15,725.0977142857143,Saturday
2015-07-05,91.15,711.5005714285714,Sunday
2015-07-06,1103.8700000000001,716.1477142857142,Monday
2015-07-07,777.22,701.6062857142857,Tuesday
2015-07-08,1007.2475000000001,690.0863571428572,Wednesday
2015-07-09,942.1245,685.2087857142858,Thursday
2015-07-10,750.531,680.4704285714287,Friday
2015-07-11,160.79500000000002,690.4197142857143,Saturday
2015-07-12,160.79500000000002,700.369,Sunday
2015-07-13,1024.865,689.0825714285714,Monday
2015-07-14,803.575,692.8475714285714,Tuesday
2015-07-15,990.558,690.4633571428573,Wednesday
2015-07-16,906.9685,685.4410714285715,Thursday
2015-07-17,711.4,679.8509285714287,Friday
2015-07-18,68.12,666.6116428571429,Saturday
2015-07-19,1.9,643.9123571428572,Sunday
2015-07-20,990.86,639.0545,Monday
2015-07-21,734.97,629.2537857142858,Tuesday
2015-07-22,968.13,626.0497857142857,Wednesday
2015-07-23,912.6335,626.8590714285714,Thursday
2015-07-24,741.2085,631.1174285714286,Friday
2015-07-25,59.15,629.836,Saturday
2015-07-26,59.15,638.0145714285715,Sunday
2015-07-27,970.655,635.1281428571428,Monday
2015-07-28,761.31,638.8909999999998,Tuesday
2015-07-29,926.8115,632.9883571428571,Wednesday
2015-07-30,895.8185,630.5862142857143,Thursday
2015-07-31,728.477,628.7674285714285,Friday
2015-08-01,11.9,622.0174285714286,Saturday
2015-08-02,11.9,615.2674285714285,Sunday
2015-08-03,988.31,617.7895714285714,Monday
2015-08-04,692.51,607.961,Tuesday
2015-08-05,893.1215,603.148142857143,Wednesday
2015-08-06,830.257,593.7822142857142,Thursday
2015-08-07,677.6185,586.5167142857143,Friday
2015-08-08,10.78,586.3567142857142,Saturday
2015-08-09,10.78,586.1967142857142,Sunday
2015-08-10,898.14,573.3152857142858,Monday
2015-08-11,725.51,578.0295714285714,Tuesday
2015-08-12,898.563,578.8069285714286,Wednesday
2015-08-13,914.4375,590.8327142857142,Thursday
2015-08-14,732.7915,598.7145714285715,Friday
2015-08-15,1.27,597.356,Saturday
2015-08-16,1.27,595.9974285714286,Sunday
2015-08-17,964.89,605.5331428571428,Monday
2015-08-18,712.67,603.6988571428572,Tuesday
2015-08-19,933.38,608.6727142857143,Wednesday
2015-08-20,848.21,599.2116428571428,Thursday
2015-08-21,705.8215,595.3587857142858,Friday
2015-08-22,0.1,595.1916428571428,Saturday
2015-08-23,0.1,595.0245000000001,Sunday
2015-08-24,1099.2665,614.2211428571428,Monday
2015-08-25,747.3,619.1682857142857,Tuesday
2015-08-26,989.7655,627.2233571428571,Wednesday
2015-08-27,869.014,630.1953571428572,Thursday
2015-08-28,661.393,623.8484285714286,Friday
2015-08-29,9.63,625.2098571428571,Saturday
2015-08-30,9.63,626.5712857142856,Sunday
2015-08-31,1093.88,625.8017857142858,Monday
2015-09-01,777.95,630.1803571428571,Tuesday
2015-09-02,998.7415,631.4626428571429,Wednesday
2015-09-03,898.72,635.7063571428572,Thursday
2015-09-04,705.325,641.9823571428572,Friday
2015-09-05,0.44,640.6695000000001,Saturday
2015-09-06,0.44,639.3566428571429,Sunday
2015-09-07,826.26,601.1252142857144,Monday
2015-09-08,764.77,599.2423571428571,Tuesday
2015-09-09,944.3185,591.4676428571429,Wednesday
2015-09-10,939.8535,597.3438571428571,Thursday
2015-09-11,747.3535,603.3479285714286,Friday
2015-09-12,13.43,605.2036428571428,Saturday
2015-09-13,13.43,607.0593571428572,Sunday
2015-09-14,1125.46,649.8022142857143,Monday
2015-09-15,727.85,644.5279285714287,Tuesday
2015-09-16,943.5515,644.4183571428572,Wednesday
2015-09-17,922.698,641.9675714285714,Thursday
2015-09-18,746.8065,641.8894285714287,Friday
2015-09-19,6.4799999999999995,640.8965714285714,Saturday
2015-09-20,6.4799999999999995,639.9037142857144,Sunday
2015-09-21,978.89,618.965142857143,Monday
2015-09-22,753.02,622.5608571428572,Tuesday
2015-09-23,924.2995,619.8105714285714,Wednesday
2015-09-24,848.731,609.2438571428571,Thursday
2015-09-25,666.8575,597.8225714285715,Friday
2015-09-26,8.56,598.1197142857143,Saturday
2015-09-27,8.56,598.4168571428571,Sunday
2015-09-28,1038.66,606.9554285714286,Monday
2015-09-29,776.32,610.284,Tuesday
2015-09-30,927.6925,610.7687142857143,Wednesday
2015-10-01,812.567,605.6024285714285,Thursday
2015-10-02,688.208,608.6525,Friday
2015-10-03,3.83,607.9767857142858,Saturday
2015-10-04,3.83,607.3010714285714,Sunday
2015-10-05,1007.08,602.7896428571429,Monday
2015-10-06,775.4,602.6582142857143,Tuesday
2015-10-07,924.85,602.2521428571428,Wednesday
2015-10-08,837.138,605.7622857142857,Thursday
2015-10-09,655.27,601.0568571428572,Friday
2015-10-10,19.990000000000002,603.3654285714285,Saturday
2015-10-11,0.0,602.8182857142857,Sunday
2015-10-12,982.99,599.3768571428571,Monday
2015-10-13,712.35,590.3697142857144,Tuesday
2015-10-14,873.842,583.0828571428572,Wednesday
2015-10-15,864.158,586.9428571428572,Thursday
2015-10-16,667.024,588.6220000000001,Friday
2015-10-17,0.86,585.8891428571429,Saturday
2015-10-18,0.51,585.9620000000001,Sunday
2015-10-19,970.25,584.142,Monday
2015-10-20,776.09,593.2477142857143,Tuesday
2015-10-21,928.161,601.0075714285714,Wednesday
2015-10-22,896.041,605.5622857142856,Thursday
2015-10-23,680.699,607.5158571428572,Friday
2015-10-24,0.14,607.4130000000001,Saturday
2015-10-25,0.14,607.3601428571428,Sunday
2015-10-26,1041.51,617.5401428571429,Monday
2015-10-27,735.39,611.7258571428572,Tuesday
2015-10-28,914.8095,609.8185000000001,Wednesday
2015-10-29,880.663,607.6216428571428,Thursday
2015-10-30,8.41,511.58035714285717,Friday
2015-10-31,865.107,635.1470714285714,Saturday
2015-11-01,96.5135,648.9147142857142,Sunday
2015-11-02,1280.67,683.0804285714286,Monday
2015-11-03,1252.5515,756.960642857143,Tuesday
2015-11-04,1112.707,785.2317142857142,Wednesday
2015-11-05,1128.535,820.642,Thursday
2015-11-06,969.2505,957.9049285714287,Friday
2015-11-07,151.77,855.9996428571429,Saturday
2015-11-08,87.03,854.6448571428572,Sunday
2015-11-09,1123.28,832.1605714285715,Monday
2015-11-10,1594.5405,881.0161428571429,Tuesday
2015-11-11,928.9045,854.758642857143,Wednesday
2015-11-12,920.8145,825.0842857142858,Thursday
2015-11-13,846.287,807.5180714285714,Friday
2015-11-14,55.44,793.7566428571429,Saturday
2015-11-15,66.32000000000001,790.7980714285715,Sunday
2015-11-16,1026.17,776.9252142857142,Monday
2015-11-17,794.54,662.6394285714285,Tuesday
2015-11-18,981.6945,670.1808571428572,Wednesday
2015-11-19,943.323,673.3963571428573,Thursday
2015-11-20,787.1135,664.943,Friday
2015-11-21,63.519999999999996,666.0972857142858,Saturday
2015-11-22,0.0,656.6229999999999,Sunday
2015-11-23,986.65,650.9772857142856,Monday
2015-11-24,753.67,645.1387142857142,Tuesday
2015-11-25,915.3805,635.6652857142857,Wednesday
2015-11-26,915.3805,631.6735,Thursday
2015-11-27,777.991,630.3702857142856,Friday
2015-11-28,719.9385,724.1443571428572,Saturday
2015-11-29,719.9385,826.9927142857143,Sunday
2015-11-30,1094.485,842.3977142857142,Monday
2015-12-01,877.96,860.1534285714285,Tuesday
2015-12-02,1049.271,879.2806428571429,Wednesday
2015-12-03,974.5325,887.7309285714285,Thursday
2015-12-04,798.153,890.6112142857144,Friday
2015-12-05,7.75,788.87,Saturday
2015-12-06,7.75,687.1287857142858,Sunday
2015-12-07,1117.41,690.4037857142857,Monday
2015-12-08,843.87,685.5337857142857,Tuesday
2015-12-09,1038.448,683.987642857143,Wednesday
2015-12-10,965.153,682.6477142857144,Thursday
2015-12-11,864.998,692.197,Friday
2015-12-12,7.9,692.2184285714286,Saturday
2015-12-13,0.0,691.1112857142858,Sunday
2015-12-14,1076.21,685.2255714285715,Monday
2015-12-15,915.8,695.5012857142857,Tuesday
2015-12-16,1094.858,703.5598571428571,Wednesday
2015-12-17,1028.1995,712.5665,Thursday
2015-12-18,915.872,719.8342142857143,Friday
2015-12-19,3.6500000000000004,719.2270714285714,Saturday
2015-12-20,3.6500000000000004,719.7484999999999,Sunday
2015-12-21,1112.38,724.9156428571429,Monday
2015-12-22,800.53,708.4485000000001,Tuesday
2015-12-23,996.7625,694.4348571428571,Wednesday
2015-12-24,869.8095,671.8077142857144,Thursday
2015-12-25,869.8095,665.2273571428572,Friday
2015-12-26,803.0295,779.4244285714285,Saturday
2015-12-27,0.0,778.903,Sunday
2015-12-28,1098.8925,776.9762142857143,Monday
2015-12-29,850.9325,784.1765714285714,Tuesday
2015-12-30,1049.2435,791.6738571428572,Wednesday
2015-12-31,1010.8305,811.8197142857142,Thursday
2016-01-01,0.0,687.5612142857143,Friday
2016-01-02,792.051,685.9928571428571,Saturday
2016-01-03,792.051,799.143,Sunday
2016-01-04,1363.68,836.9697857142858,Monday
2016-01-05,876.65,840.6437142857143,Tuesday
2016-01-06,1201.1995,862.3517142857144,Wednesday
2016-01-07,1112.6845,876.9022857142857,Thursday
2016-01-08,875.865,1002.0258571428573,Friday
2016-01-09,5.7,889.6899999999999,Saturday
2016-01-10,5.7,777.3541428571427,Sunday
2016-01-11,1137.59,745.0555714285714,Monday
2016-01-12,870.58,744.1884285714286,Tuesday
2016-01-13,1048.761,722.4115,Wednesday
2016-01-14,943.7915,698.2839285714286,Thursday
2016-01-15,778.7495,684.4102857142858,Friday
2016-01-16,0.6699999999999999,683.6917142857144,Saturday
2016-01-17,0.6699999999999999,682.973142857143,Sunday
2016-01-18,969.73,658.9931428571429,Monday
2016-01-19,746.47,641.263142857143,Tuesday
2016-01-20,962.7885,628.9813571428571,Wednesday
2016-01-21,919.2735,625.4787857142857,Thursday
2016-01-22,737.34,619.5631428571429,Friday
2016-01-23,3.78,620.0074285714285,Saturday
2016-01-24,3.78,620.4517142857143,Sunday
2016-01-25,1013.21,626.6631428571428,Monday
2016-01-26,786.85,632.4317142857143,Tuesday
2016-01-27,920.388,626.3745,Wednesday
2016-01-28,928.3629999999999,627.673,Thursday
2016-01-29,689.784,620.8792857142856,Friday
2016-01-30,6.42,621.2564285714286,Saturday
2016-01-31,6.42,621.6335714285714,Sunday
2016-02-01,1054.55,627.5392857142857,Monday
2016-02-02,725.49,618.7735714285715,Tuesday
2016-02-03,963.432,624.9227142857143,Wednesday
2016-02-04,897.6955,620.5416428571427,Thursday
2016-02-05,710.247,623.4649285714286,Friday
2016-02-06,1.83,622.8092142857142,Saturday
2016-02-07,1.83,622.1535,Sunday
2016-02-08,964.735,609.3227857142857,Monday
2016-02-09,856.935,628.1006428571428,Tuesday
2016-02-10,953.0024999999999,626.6107142857143,Wednesday
2016-02-11,874.5655,623.3064285714285,Thursday
2016-02-12,686.5685,619.9237857142858,Friday
2016-02-13,3.84,620.2109285714286,Saturday
2016-02-14,3.84,620.4980714285714,Sunday
2016-02-15,983.88,623.2330714285714,Monday
2016-02-16,767.81,610.5009285714285,Tuesday
2016-02-17,981.4315,614.5622142857143,Wednesday
2016-02-18,931.6135,622.7119285714286,Thursday
2016-02-19,744.311,630.9608571428571,Friday
2016-02-20,1.71,630.6565714285714,Saturday
2016-02-21,1.71,630.3522857142856,Sunday
2016-02-22,1105.84,647.7751428571428,Monday
2016-02-23,866.5699999999999,661.8837142857143,Tuesday
2016-02-24,1020.0604999999999,667.4021428571428,Wednesday
2016-02-25,964.9505,672.1645714285714,Thursday
2016-02-26,730.5645,670.2007857142856,Friday
2016-02-27,5.92,670.8022142857143,Saturday
2016-02-28,5.92,671.4036428571428,Sunday
2016-02-29,1188.11,683.1564999999999,Monday
2016-03-01,795.14,672.9522142857143,Tuesday
2016-03-02,1074.4525,680.7225,Wednesday
2016-03-03,1005.4815,686.5126428571429,Thursday
2016-03-04,803.4635,696.9267857142856,Friday
2016-03-05,47.17,702.8196428571428,Saturday
2016-03-06,47.17,708.7124999999999,Sunday
2016-03-07,1245.143,716.8600714285714,Monday
2016-03-08,890.95,730.5472142857143,Tuesday
2016-03-09,1262.8035,757.4544999999999,Wednesday
2016-03-10,1098.6715,770.7673571428571,Thursday
2016-03-11,802.0425,770.5643571428571,Friday
2016-03-12,13.18,765.7086428571429,Saturday
2016-03-13,0.0,758.9700714285715,Sunday
2016-03-14,1256.45,760.5853571428571,Monday
2016-03-15,805.8149999999999,748.4232142857144,Tuesday
2016-03-16,1165.083,734.4631428571429,Wednesday
2016-03-17,1118.5175,737.2982857142857,Thursday
2016-03-18,856.221,745.0380714285714,Friday
2016-03-19,98.6,757.2409285714285,Saturday
2016-03-20,0.0,757.2409285714285,Sunday
2016-03-21,1296.82,763.0080714285714,Monday
2016-03-22,952.91,784.0216428571428,Tuesday
2016-03-23,1303.301,803.7670714285714,Wednesday
2016-03-24,1096.1905,800.5775,Thursday
2016-03-25,842.806,798.6610714285715,Friday
2016-03-26,3.75,785.1110714285714,Saturday
2016-03-27,3.75,785.6467857142858,Sunday
2016-03-28,1293.66,785.1953571428572,Monday
2016-03-29,895.72,777.0253571428573,Tuesday
2016-03-30,1229.427,766.4719285714285,Wednesday
2016-03-31,1014.62,754.8190000000001,Thursday
2016-04-01,888.2955,761.3175,Friday
2016-04-02,1.1,760.9389285714285,Saturday
2016-04-03,1.1,760.5603571428571,Sunday
2016-04-04,1191.86,746.0174999999999,Monday
2016-04-05,840.73,738.1617857142857,Tuesday
2016-04-06,1179.389,731.0134999999999,Wednesday
2016-04-07,1034.3285,733.829,Thursday
2016-04-08,778.9775,718.2121428571428,Friday
2016-04-09,1.37,718.2507142857143,Saturday
2016-04-10,1.37,718.2892857142857,Sunday
2016-04-11,1193.3775,718.5060714285715,Monday
2016-04-12,892.5925,725.915,Tuesday
2016-04-13,1100.3225,714.6197857142857,Wednesday
2016-04-14,1015.9775,711.9982142857143,Thursday
2016-04-15,787.616,713.2322857142857,Friday
2016-04-16,4.6,713.6937142857142,Saturday
2016-04-17,4.6,714.1551428571429,Sunday
2016-04-18,1006.7325,687.4915714285714,Monday
2016-04-19,836.8725,679.5315714285714,Tuesday
2016-04-20,1046.3215,671.8171428571428,Wednesday
2016-04-21,1033.204,674.2780714285715,Thursday
2016-04-22,794.575,675.2722142857143,Friday
2016-04-23,1.6300000000000001,674.8479285714286,Saturday
2016-04-24,1.6300000000000001,674.4236428571429,Sunday
2016-04-25,1283.585,713.974,Monday
2016-04-26,937.855,728.4000714285714,Tuesday
2016-04-27,1308.5795,765.8655,Wednesday
2016-04-28,1139.1735,781.004,Thursday
2016-04-29,816.229,784.0974285714285,Friday
2016-04-30,3.67,784.3888571428572,Saturday
2016-05-01,3.67,784.6802857142858,Sunday
2016-05-02,1210.2,774.1967142857144,Monday
2016-05-03,965.51,778.1474285714286,Tuesday
2016-05-04,1197.0565,762.2155714285715,Wednesday
2016-05-05,1051.39,749.6750714285715,Thursday
2016-05-06,815.514,749.5729285714286,Friday
2016-05-07,62.42,757.9657857142857,Saturday
2016-05-08,62.42,766.3586428571427,Sunday
2016-05-09,1118.1,753.2015,Monday
2016-05-10,803.82,730.1029285714285,Tuesday
2016-05-11,1074.7015000000001,712.6236428571428,Wednesday
2016-05-12,1019.834,708.1156428571429,Thursday
2016-05-13,787.4475,704.1061428571428,Friday
2016-05-14,34.17,700.0704285714285,Saturday
2016-05-15,34.17,696.0347142857144,Sunday
2016-05-16,1184.68,705.5461428571429,Monday
2016-05-17,902.37,719.6247142857144,Tuesday
2016-05-18,1100.1615,723.2618571428573,Wednesday
2016-05-19,1029.7175,724.6737857142858,Thursday
2016-05-20,796.149,725.9168571428571,Friday
2016-05-21,25.599999999999998,724.6925714285715,Saturday
2016-05-22,25.599999999999998,723.4682857142858,Sunday
2016-05-23,1202.54,726.0197142857143,Monday
2016-05-24,819.68,714.2068571428572,Tuesday
2016-05-25,1106.4555,715.106,Wednesday
2016-05-26,1046.9975,717.5745714285714,Thursday
2016-05-27,885.8675,730.3915,Friday
2016-05-28,96.03,740.4529285714286,Saturday
2016-05-29,96.03,750.5143571428571,Sunday
2016-05-30,930.2,711.6086428571429,Monday
2016-05-31,846.27,715.4072142857142,Tuesday
2016-06-01,1110.4855,715.9829285714286,Wednesday
2016-06-02,1012.9035,711.1123571428571,Thursday
2016-06-03,796.857,698.3965714285714,Friday
2016-06-04,11.16,686.2722857142859,Saturday
2016-06-05,11.16,674.148,Sunday
2016-06-06,1299.3700000000001,726.8865714285714,Monday
2016-06-07,866.653,729.7984285714285,Tuesday
2016-06-08,1153.7335,735.9767142857143,Wednesday
2016-06-09,1036.964,739.4139285714288,Thursday
2016-06-10,821.7305,742.9672857142858,Friday
2016-06-11,9.49,742.7287142857142,Saturday
2016-06-12,9.49,742.4901428571428,Sunday
2016-06-13,1152.9,721.5658571428572,Monday
2016-06-14,802.93,712.4625714285713,Tuesday
2016-06-15,1047.8625,697.3381428571429,Wednesday
2016-06-16,982.9485,689.6216428571428,Thursday
2016-06-17,694.4305,671.4359285714285,Friday
2016-06-18,1.66,670.3173571428571,Saturday
2016-06-19,1.66,669.1987857142857,Sunday
2016-06-20,1055.7,655.3130714285714,Monday
2016-06-21,719.49,643.3930714285715,Tuesday
2016-06-22,996.9635,636.1217857142857,Wednesday
2016-06-23,908.6865,625.5129285714286,Thursday
2016-06-24,730.61,630.6814285714287,Friday
2016-06-25,3.09,630.8857142857144,Saturday
2016-06-26,12.969999999999999,632.5014285714286,Sunday
2016-06-27,1040.98,630.3985714285715,Monday
2016-06-28,764.8149999999999,636.8735714285714,Tuesday
2016-06-29,1039.986,643.0196428571429,Wednesday
2016-06-30,1051.122,663.3675714285715,Thursday
2016-07-01,777.021,669.9977142857143,Friday
2016-07-02,8.99,670.8405714285715,Saturday
2016-07-03,8.99,670.2719999999999,Sunday
2016-07-04,889.15,648.5820000000001,Monday
2016-07-05,682.8145,636.8676428571429,Tuesday
2016-07-06,1053.3435,638.7758571428573,Wednesday
2016-07-07,1026.532,635.2629999999999,Thursday
2016-07-08,769.224,634.1491428571428,Friday
2016-07-09,28.14,636.8848571428572,Saturday
2016-07-10,28.14,639.6205714285715,Sunday
2016-07-11,1076.615,666.4012857142858,Monday
2016-07-12,777.69,679.9549285714286,Tuesday
2016-07-13,960.35,666.6701428571429,Wednesday
2016-07-14,979.575,659.9620000000001,Thursday
2016-07-15,723.6825,653.4560714285715,Friday
2016-07-16,78.57000000000001,660.6603571428572,Saturday
2016-07-17,78.57000000000001,667.8646428571429,Sunday
2016-07-18,1067.31,666.535357142857,Monday
2016-07-19,766.01,664.8667857142857,Tuesday
2016-07-20,1022.39,673.7296428571428,Wednesday
2016-07-21,866.2085,657.5344285714285,Thursday
2016-07-22,698.2085,653.8952857142857,Friday
2016-07-23,190.71,669.9152857142856,Saturday
2016-07-24,190.71,685.9352857142857,Sunday
2016-07-25,948.2125,668.9213571428571,Monday
2016-07-26,732.6775,664.1595714285714,Tuesday
2016-07-27,940.9075,652.5192142857143,Wednesday
2016-07-28,930.873,661.757,Thursday
2016-07-29,757.5465,670.2338571428571,Friday
2016-07-30,2.9,643.4038571428572,Saturday
2016-07-31,2.9,616.5738571428572,Sunday
2016-08-01,1053.44,631.6063571428573,Monday
2016-08-02,708.25,628.1167142857142,Tuesday
2016-08-03,958.88,630.6842142857142,Wednesday
2016-08-04,889.4325,624.7641428571429,Thursday
2016-08-05,678.0195,613.4031428571428,Friday
2016-08-06,193.3,640.603142857143,Saturday
2016-08-07,193.3,667.8031428571428,Sunday
2016-08-08,986.43,658.2302857142857,Monday
2016-08-09,743.83,663.3131428571429,Tuesday
2016-08-10,928.2915,658.9433571428572,Wednesday
2016-08-11,863.348,655.217,Thursday
2016-08-12,643.308,650.2582142857143,Friday
2016-08-13,168.31,646.6882142857143,Saturday
2016-08-14,168.31,643.1182142857142,Sunday
2016-08-15,963.5025,639.8428571428573,Monday
2016-08-16,664.8525,628.5603571428572,Tuesday
2016-08-17,935.215,629.5494285714285,Wednesday
2016-08-18,900.877,634.9107142857143,Thursday
2016-08-19,747.0025,649.7242142857142,Friday
2016-08-20,14.719999999999999,627.7827857142856,Saturday
2016-08-21,14.719999999999999,605.8413571428572,Sunday
2016-08-22,1095.0,624.6267142857143,Monday
2016-08-23,868.64,653.7392142857143,Tuesday
2016-08-24,1092.862,676.2602142857143,Wednesday
2016-08-25,1007.8485000000001,691.5418571428571,Thursday
2016-08-26,793.4415,698.176,Friday
2016-08-27,8.290000000000001,697.2574285714285,Saturday
2016-08-28,8.290000000000001,696.3388571428571,Sunday
2016-08-29,1171.8700000000001,707.3202857142858,Monday
2016-08-30,787.873,695.782142857143,Tuesday
2016-08-31,1032.768,687.1972857142857,Wednesday
2016-09-01,981.324,683.4080714285714,Thursday
2016-09-02,808.7945,685.6013571428572,Friday
2016-09-03,6.779999999999999,685.3856428571429,Saturday
2016-09-04,6.779999999999999,685.1699285714286,Sunday
2016-09-05,903.5,646.8313571428571,Monday
2016-09-06,776.55,645.2137857142858,Tuesday
2016-09-07,1029.915,644.8062142857143,Wednesday
2016-09-08,992.505,646.4035,Thursday
2016-09-09,819.9825,648.0017857142857,Friday
2016-09-10,103.07,661.7574999999999,Saturday
2016-09-11,103.07,675.5132142857143,Sunday
2016-09-12,1140.8,709.4132142857143,Monday
2016-09-13,761.42,707.2517857142856,Tuesday
2016-09-14,980.976,700.2605,Wednesday
2016-09-15,915.7515,689.2957142857142,Thursday
2016-09-16,776.112,683.0285,Friday
2016-09-17,48.73,675.2656428571428,Saturday
2016-09-18,48.73,667.5027857142858,Sunday
2016-09-19,1007.01,648.3899285714285,Monday
2016-09-20,766.2,649.0727857142857,Tuesday
2016-09-21,979.776,648.9013571428571,Wednesday
2016-09-22,907.6965,647.7506428571429,Thursday
2016-09-23,733.9575,641.7285714285714,Friday
2016-09-24,65.63,644.1428571428571,Saturday
2016-09-25,0.39,637.2371428571429,Sunday
2016-09-26,995.38,635.5757142857143,Monday
2016-09-27,776.62,637.0642857142857,Tuesday
2016-09-28,972.811,636.0692857142857,Wednesday
2016-09-29,900.6995000000001,635.0697142857143,Thursday
2016-09-30,719.005,632.9336428571429,Friday
2016-10-01,118.58,640.4979285714286,Saturday
2016-10-02,118.58,657.3822142857143,Sunday
2016-10-03,1051.08,665.3393571428571,Monday
2016-10-04,818.18,671.2764999999999,Tuesday
2016-10-05,984.95,673.0106428571429,Wednesday
2016-10-06,924.3825,676.3939285714285,Thursday
2016-10-07,856.124,695.9823571428572,Friday
2016-10-08,4.98,679.7537857142858,Saturday
2016-10-09,4.98,663.5252142857144,Sunday
2016-10-10,1032.06,660.8080714285715,Monday
2016-10-11,777.73,655.0295,Tuesday
2016-10-12,1029.9995,661.465142857143,Wednesday
2016-10-13,954.4275,665.7572857142857,Thursday
2016-10-14,785.961,655.734,Friday
2016-10-15,6.38,655.934,Saturday
2016-10-16,6.38,656.134,Sunday
2016-10-17,1011.335,653.1732857142857,Monday
2016-10-18,806.96,657.349,Tuesday
2016-10-19,961.2865,647.5328571428572,Wednesday
2016-10-20,974.2425,650.3635714285714,Thursday
2016-10-21,776.7015,649.0407857142857,Friday
2016-10-22,8.6,649.3579285714285,Saturday
2016-10-23,8.6,649.6750714285714,Sunday
2016-10-24,1063.195,657.0836428571429,Monday
2016-10-25,812.52,657.8779285714285,Tuesday
2016-10-26,982.9505,660.9727857142856,Wednesday
2016-10-27,899.5905,650.3082142857144,Thursday
2016-10-28,781.8025,651.0369285714286,Friday
2016-10-29,5.8100000000000005,650.6383571428571,Saturday
2016-10-30,5.8100000000000005,650.2397857142857,Sunday
2016-10-31,975.3705,637.6934285714286,Monday
2016-11-01,780.35,633.0977142857143,Tuesday
2016-11-02,975.1075,631.9772857142858,Wednesday
2016-11-03,929.0765,636.1895714285714,Thursday
2016-11-04,769.5265,634.4358571428571,Friday
2016-11-05,4.87,634.3015714285715,Saturday
2016-11-06,4.87,634.1672857142858,Sunday
2016-11-07,1087.751,650.2216428571428,Monday
2016-11-08,777.7,649.8430714285714,Tuesday
2016-11-09,913.1655,640.9942142857143,Wednesday
2016-11-10,855.5355,630.4883571428571,Thursday
2016-11-11,740.311,626.3147142857142,Friday
2016-11-12,3.66,626.1418571428572,Saturday
2016-11-13,3.66,625.969,Sunday
2016-11-14,1038.7,618.9617142857143,Monday
2016-11-15,869.79,632.1174285714286,Tuesday
2016-11-16,1077.7985,655.6364285714286,Wednesday
2016-11-17,957.369,670.1840714285715,Thursday
2016-11-18,785.4615,676.6341428571429,Friday
2016-11-19,13.17,677.9927142857143,Saturday
2016-11-20,13.17,679.3512857142858,Sunday
2016-11-21,1039.725,679.4977142857143,Monday
2016-11-22,747.8,662.0705714285714,Tuesday
2016-11-23,955.8845,644.6542857142857,Wednesday
2016-11-24,955.8845,644.4422142857142,Thursday
2016-11-25,840.773,652.343857142857,Friday
2016-11-26,772.0445,760.7544999999999,Saturday
2016-11-27,772.0445,869.1651428571428,Sunday
2016-11-28,1188.42,890.4072857142858,Monday
2016-11-29,913.725,914.1108571428571,Tuesday
2016-11-30,1198.3955,948.7552857142857,Wednesday
2016-12-01,1046.7695,961.7388571428571,Thursday
2016-12-02,818.5095,958.5583571428572,Friday
2016-12-03,0.54,848.3434285714286,Saturday
2016-12-04,0.54,738.1285,Sunday
2016-12-05,1033.965,716.0635,Monday
2016-12-06,751.47,692.8842142857142,Tuesday
2016-12-07,966.8245,659.8026428571429,Wednesday
2016-12-08,893.6545,637.9290714285714,Thursday
2016-12-09,785.769,633.2518571428571,Friday
2016-12-10,0.04,633.1804285714286,Saturday
2016-12-11,0.04,633.109,Sunday
2016-12-12,1019.6419999999999,631.0628571428571,Monday
2016-12-13,841.895,643.9807142857143,Tuesday
2016-12-14,988.389,647.0613571428572,Wednesday
2016-12-15,1033.7645,667.0770714285715,Thursday
2016-12-16,827.8445,673.0878571428572,Friday
2016-12-17,1.6,673.3107142857143,Saturday
2016-12-18,1.6,673.5335714285715,Sunday
2016-12-19,1012.4375,672.5043571428571,Monday
2016-12-20,741.94,658.2250714285714,Tuesday
2016-12-21,955.1655,653.4788571428571,Wednesday
2016-12-22,956.5255,642.4447142857143,Thursday
2016-12-23,798.5505,638.2598571428571,Friday
2016-12-24,4.49,638.6727142857144,Saturday
2016-12-25,4.49,639.0855714285715,Sunday
2016-12-26,938.115,628.4680714285714,Monday
2016-12-27,817.21,639.2209285714287,Tuesday
2016-12-28,1248.5565,681.1339285714286,Wednesday
2016-12-29,1102.9465,702.0512142857143,Thursday
2016-12-30,905.777,717.3692857142858,Friday
2016-12-31,0.45,716.7921428571428,Saturday
2017-01-01,0.45,716.215,Sunday
2017-01-02,1395.3,781.5271428571428,Monday
2017-01-03,1045.06,814.0771428571428,Tuesday
2017-01-04,1415.8355,837.9741428571427,Wednesday
2017-01-05,1316.8005,868.5247142857143,Thursday
2017-01-06,1043.443,888.1912857142858,Friday
2017-01-07,83.2,900.0127142857143,Saturday
2017-01-08,83.2,911.8341428571429,Sunday
2017-01-09,1212.17,885.6727142857144,Monday
2017-01-10,899.025,864.8105714285714,Tuesday
2017-01-11,1092.865,818.6719285714286,Wednesday
2017-01-12,1060.908,782.1158571428571,Thursday
2017-01-13,862.983,756.3358571428571,Friday
2017-01-14,2.31,744.7801428571429,Saturday
2017-01-15,2.31,733.2244285714286,Sunday
2017-01-16,1115.4725,719.4105,Monday
2017-01-17,872.82,715.6669285714286,Tuesday
2017-01-18,992.7905,701.3705714285715,Wednesday
2017-01-19,920.8015,681.3553571428572,Thursday
2017-01-20,811.5855,674.0128571428571,Friday
2017-01-21,1.7,673.9257142857143,Saturday
2017-01-22,1.7,673.8385714285714,Sunday
2017-01-23,1179.34,682.9625,Monday
2017-01-24,885.26,684.7396428571428,Tuesday
2017-01-25,1147.9585,706.9064999999999,Wednesday
2017-01-26,984.0735,715.9453571428572,Thursday
2017-01-27,816.12,716.5931428571429,Friday
2017-01-28,1.5999999999999999,716.5788571428571,Saturday
2017-01-29,1.5999999999999999,716.5645714285713,Sunday
2017-01-30,1128.63,709.3202857142858,Monday
2017-01-31,847.3,703.8974285714286,Tuesday
2017-02-01,1080.5195,694.2632857142859,Wednesday
2017-02-02,950.2895,689.437,Thursday
2017-02-03,776.0745,683.7162142857143,Friday
2017-02-04,2.21,683.8033571428572,Saturday
2017-02-05,2.21,683.8905000000001,Sunday
2017-02-06,1055.071,673.3820714285714,Monday
2017-02-07,854.438,674.4017857142857,Tuesday
2017-02-08,1059.4095,671.3860714285713,Wednesday
2017-02-09,923.4885,667.5573571428571,Thursday
2017-02-10,877.5975,682.0606428571429,Friday
2017-02-11,144.97,702.4549285714285,Saturday
2017-02-12,144.97,722.8492142857142,Sunday
2017-02-13,1240.9,749.3962142857143,Monday
2017-02-14,929.64,760.1393571428571,Tuesday
2017-02-15,1119.11,768.6679999999999,Wednesday
2017-02-16,1040.0285,785.3165714285714,Thursday
2017-02-17,803.5465,774.7378571428571,Friday
2017-02-18,5.2,754.7707142857143,Saturday
2017-02-19,5.2,734.8035714285714,Sunday
2017-02-20,1307.445,744.3099999999998,Monday
2017-02-21,968.865,749.9135714285715,Tuesday
2017-02-22,1221.3105,764.5136428571428,Wednesday
2017-02-23,1096.1355,772.5289285714287,Thursday
2017-02-24,816.23,774.3408571428571,Friday
2017-02-25,8.52,774.8151428571429,Saturday
2017-02-26,8.52,775.2894285714285,Sunday
2017-02-27,1319.62,777.0287142857143,Monday
2017-02-28,919.14,769.9251428571428,Tuesday
2017-03-01,1170.4345,762.657142857143,Wednesday
2017-03-02,1135.4345,768.2712857142857,Thursday
2017-03-03,962.216,789.1264285714286,Friday
2017-03-04,59.3,796.3807142857142,Saturday
2017-03-05,59.3,803.635,Sunday
2017-03-06,1126.21,776.005,Monday
2017-03-07,882.78,770.8107142857143,Tuesday
2017-03-08,1129.8875,765.0182857142856,Wednesday
2017-03-09,993.4185,744.7302857142857,Thursday
2017-03-10,797.8085,721.2434999999999,Friday
2017-03-11,5.0200000000000005,713.4892142857143,Saturday
2017-03-12,0.0,705.0177857142859,Sunday
2017-03-13,1123.86,704.6820714285714,Monday
2017-03-14,770.35,688.6206428571429,Tuesday
2017-03-15,1123.2925,687.6785,Wednesday
2017-03-16,1037.5175,693.9783571428571,Thursday
2017-03-17,880.7555,705.8279285714286,Friday
2017-03-18,12.08,706.8365,Saturday
2017-03-19,0.0,706.8365,Sunday
2017-03-20,1378.485,743.2115,Monday
2017-03-21,1068.45,785.7972142857142,Tuesday
2017-03-22,1452.95,832.8911428571428,Wednesday
2017-03-23,1221.211,859.1330714285714,Thursday
2017-03-24,866.6095,857.1122142857142,Friday
2017-03-25,6.479999999999999,856.3122142857143,Saturday
2017-03-26,15.79,858.5679285714285,Sunday
2017-03-27,1383.34,859.2615,Monday
2017-03-28,998.57,849.2786428571428,Tuesday
2017-03-29,1456.0765,849.7252857142857,Wednesday
2017-03-30,1121.4975,835.4804999999999,Thursday
2017-03-31,941.1785,846.1332142857142,Friday
2017-04-01,2.79,845.6060714285715,Saturday
2017-04-02,2.79,843.7489285714286,Sunday
2017-04-03,1212.1299999999999,819.290357142857,Monday
2017-04-04,894.26,804.3889285714286,Tuesday
2017-04-05,1244.523,774.167,Wednesday
2017-04-06,1027.0445,760.6737142857144,Thursday
2017-04-07,800.0345,740.5102857142857,Friday
2017-04-08,1.96,740.3917142857142,Saturday
2017-04-09,20.27,742.888857142857,Sunday
2017-04-10,1216.08,743.4531428571429,Monday
2017-04-11,873.17,740.4402857142857,Tuesday
2017-04-12,1146.048,726.3724285714286,Wednesday
2017-04-13,1051.7975,729.9085714285713,Thursday
2017-04-14,766.706,725.1473571428571,Friday
2017-04-15,5.16,725.6045,Saturday
2017-04-16,5.16,723.4459285714286,Sunday
2017-04-17,1159.35,715.3416428571428,Monday
2017-04-18,895.14,718.4802142857143,Tuesday
2017-04-19,1235.611,731.2749285714286,Wednesday
2017-04-20,1110.234,739.6230000000002,Thursday
2017-04-21,795.5885,743.7490714285715,Friday
2017-04-22,1.75,743.2619285714287,Saturday
2017-04-23,1.75,742.7747857142858,Sunday
2017-04-24,1229.07,752.7347857142857,Monday
2017-04-25,837.32,744.4747857142856,Tuesday
2017-04-26,1137.5665,730.4684285714286,Wednesday
2017-04-27,1029.794,718.977,Thursday
2017-04-28,774.322,715.9389285714286,Friday
2017-04-29,1.73,715.9360714285715,Saturday
2017-04-30,1.73,715.9332142857144,Sunday
2017-05-01,1087.17,695.6617857142857,Monday
2017-05-02,848.8199999999999,697.3046428571428,Tuesday
2017-05-03,1096.242,691.4011428571429,Wednesday
2017-05-04,980.3605,684.3392142857143,Thursday
2017-05-05,715.493,675.9350714285714,Friday
2017-05-06,3.4299999999999997,676.1779285714285,Saturday
2017-05-07,0.0,675.9307857142858,Sunday
2017-05-08,1104.305,678.3786428571428,Monday
2017-05-09,803.55,671.9115,Tuesday
2017-05-10,1060.5735,666.8159999999999,Wednesday
2017-05-11,973.7195,665.8672857142857,Thursday
2017-05-12,718.6655,666.3204999999999,Friday
2017-05-13,1.6600000000000001,666.0676428571427,Saturday
2017-05-14,1.6600000000000001,666.3047857142857,Sunday
2017-05-15,1003.18,651.8583571428571,Monday
2017-05-16,841.46,657.2740714285713,Tuesday
2017-05-17,1066.751,658.1565714285714,Wednesday
2017-05-18,991.9915,660.766857142857,Thursday
2017-05-19,693.9215,657.232,Friday
2017-05-20,1.75,657.2448571428571,Saturday
2017-05-21,1.75,657.2577142857143,Sunday
2017-05-22,1059.59,665.3162857142858,Monday
2017-05-23,762.87,654.0891428571429,Tuesday
2017-05-24,1008.457,645.7614285714286,Wednesday
2017-05-25,871.34,628.5255,Thursday
2017-05-26,721.6255,632.4832142857142,Friday
2017-05-27,1.63,632.4660714285714,Saturday
2017-05-28,1.63,632.4489285714286,Sunday
2017-05-29,880.77,606.9032142857143,Monday
2017-05-30,806.35,613.1146428571428,Tuesday
2017-05-31,1098.266,625.9445,Wednesday
2017-06-01,947.377,636.8069285714284,Thursday
2017-06-02,784.1975,645.7457857142856,Friday
2017-06-03,6.31,646.414357142857,Saturday
2017-06-04,6.31,647.0829285714284,Sunday
2017-06-05,1229.19,696.8572142857143,Monday
2017-06-06,820.44,698.8700714285715,Tuesday
2017-06-07,1097.9665,698.8272857142857,Wednesday
2017-06-08,1005.4885,707.1289285714286,Thursday
2017-06-09,758.861,703.5094285714285,Friday
2017-06-10,3.22,703.0680000000001,Saturday
2017-06-11,0.0,702.1665714285715,Sunday
2017-06-12,1135.97,688.8494285714286,Monday
2017-06-13,838.49,691.428,Tuesday
2017-06-14,1095.0255,691.0078571428572,Wednesday
2017-06-15,988.975,688.6487857142857,Thursday
2017-06-16,789.551,693.0330714285714,Friday
2017-06-17,44.11,698.8745,Saturday
2017-06-18,44.11,705.1759285714286,Sunday
2017-06-19,1078.5125,696.9677142857144,Monday
2017-06-20,752.77,684.722,Tuesday
2017-06-21,1048.88,678.1297857142857,Wednesday
2017-06-22,972.828,675.8230714285716,Thursday
2017-06-23,753.045,670.6079285714286,Friday
2017-06-24,1.4900000000000002,664.5193571428572,Saturday
2017-06-25,1.4900000000000002,658.4307857142858,Sunday
2017-06-26,1022.9,650.4861428571429,Monday
2017-06-27,788.8275,655.6372142857143,Tuesday
2017-06-28,1007.6505,649.7472857142857,Wednesday
2017-06-29,938.0925,644.7850714285714,Thursday
2017-06-30,712.7515,639.0288571428572,Friday
2017-07-01,26.48,642.5988571428571,Saturday
2017-07-02,26.48,646.1688571428571,Sunday
2017-07-03,1062.185,651.781,Monday
2017-07-04,634.985,629.8035,Tuesday
2017-07-05,1038.4355,634.2013571428571,Wednesday
2017-07-06,903.09,629.201,Thursday
2017-07-07,655.9695,621.0892857142857,Friday
2017-07-08,2.6799999999999997,617.6892857142857,Saturday
2017-07-09,2.6799999999999997,614.2892857142857,Sunday
2017-07-10,1068.45,615.1842857142857,Monday
2017-07-11,844.99,645.1850000000001,Tuesday
2017-07-12,1015.944,641.9719285714285,Wednesday
2017-07-13,912.9055,643.3741428571428,Thursday
2017-07-14,636.1585,640.544,Friday
2017-07-15,2.18,640.4725714285714,Saturday
2017-07-16,0.0,640.0897142857142,Sunday
2017-07-17,1067.0,639.8825714285714,Monday
2017-07-18,725.97,622.8797142857142,Tuesday
2017-07-19,973.2525,616.7809285714286,Wednesday
2017-07-20,889.2785,613.4056428571429,Thursday
2017-07-21,697.269,622.1357142857142,Friday
2017-07-22,32.33,626.4428571428571,Saturday
2017-07-23,32.33,631.0614285714286,Sunday
2017-07-24,980.9399999999999,618.7671428571429,Monday
2017-07-25,787.6,627.5714285714286,Tuesday
2017-07-26,995.8405,630.7982857142857,Wednesday
2017-07-27,871.4505,628.2514285714286,Thursday
2017-07-28,621.655,617.4494285714285,Friday
2017-07-29,1.46,613.0394285714285,Saturday
2017-07-30,1.46,608.6294285714285,Sunday
2017-07-31,1100.78,625.7494285714286,Monday
2017-08-01,690.62,611.8951428571428,Tuesday
2017-08-02,950.3625,605.3982857142856,Wednesday
2017-08-03,872.7325,605.5814285714285,Thursday
2017-08-04,732.8425,621.4653571428571,Friday
2017-08-05,44.19,627.5696428571429,Saturday
2017-08-06,44.19,633.6739285714285,Sunday
2017-08-07,1045.32,625.7510714285714,Monday
2017-08-08,801.87,641.6439285714285,Tuesday
2017-08-09,996.1955,648.1915,Wednesday
2017-08-10,920.1555,654.9662142857143,Thursday
2017-08-11,692.7285,649.2356428571429,Friday
2017-08-12,2.98,643.3485,Saturday
2017-08-13,2.98,637.4613571428572,Sunday
2017-08-14,975.815,627.5320714285715,Monday
2017-08-15,664.9775,607.976,Tuesday
2017-08-16,843.3245,586.1372857142858,Wednesday
2017-08-17,277.7415,494.36385714285717,Thursday
2017-08-18,16.02,397.69121428571424,Friday
2017-08-19,16.02,399.5540714285714,Saturday
2017-08-20,16.02,401.4169285714285,Sunday
2017-08-21,16.02,264.3033571428571,Monday
2017-08-22,16.02,171.5951428571428,Tuesday
2017-08-23,16.02,53.40878571428571,Wednesday
2017-08-24,16.02,16.02,Thursday
2017-08-25,16.02,16.02,Friday
2017-08-26,16.02,16.02,Saturday
2017-08-27,16.02,16.02,Sunday
2017-08-28,16.02,16.02,Monday
2017-08-29,16.02,16.02,Tuesday
2017-08-30,16.02,16.02,Wednesday
2017-08-31,16.02,16.02,Thursday
2017-09-01,16.02,16.02,Friday
2017-09-02,16.02,16.02,Saturday
2017-09-03,16.02,16.02,Sunday
2017-09-04,16.02,16.02,Monday
2017-09-05,16.02,16.02,Tuesday
2017-09-06,16.02,16.02,Wednesday
2017-09-07,16.02,16.02,Thursday
2017-09-08,16.02,16.02,Friday
2017-09-09,16.02,16.02,Saturday
2017-09-10,16.02,16.02,Sunday
2017-09-11,16.02,16.02,Monday
2017-09-12,16.02,16.02,Tuesday
2017-09-13,16.02,16.02,Wednesday
2017-09-14,16.02,16.02,Thursday
2017-09-15,16.02,16.02,Friday
2017-09-16,16.02,16.02,Saturday
2017-09-17,16.02,16.02,Sunday
2017-09-18,16.02,16.02,Monday
2017-09-19,16.02,16.02,Tuesday
2017-09-20,16.02,16.02,Wednesday
2017-09-21,16.02,16.02,Thursday
2017-09-22,16.02,16.02,Friday
2017-09-23,16.02,16.02,Saturday
2017-09-24,16.02,16.02,Sunday
2017-09-25,16.02,16.02,Monday
2017-09-26,16.02,16.02,Tuesday
2017-09-27,16.02,16.02,Wednesday
2017-09-28,16.02,16.02,Thursday
2017-09-29,16.02,16.02,Friday
2017-09-30,16.02,16.02,Saturday
2017-10-01,16.02,16.02,Sunday
2017-10-02,16.02,16.02,Monday
2017-10-03,16.02,16.02,Tuesday
2017-10-04,16.02,16.02,Wednesday
2017-10-05,16.02,16.02,Thursday
2017-10-06,16.02,16.02,Friday
2017-10-07,16.02,16.02,Saturday
2017-10-08,16.02,16.02,Sunday
2017-10-09,16.02,16.02,Monday
2017-10-10,16.02,16.02,Tuesday
2017-10-11,16.02,16.02,Wednesday
2017-10-12,16.02,16.02,Thursday
2017-10-13,16.02,16.02,Friday
2017-10-14,16.02,16.02,Saturday
2017-10-15,16.02,16.02,Sunday
2017-10-16,16.02,16.02,Monday
2017-10-17,16.02,16.02,Tuesday
2017-10-18,16.02,16.02,Wednesday
2017-10-19,16.02,16.02,Thursday
2017-10-20,16.02,16.02,Friday
2017-10-21,16.02,16.02,Saturday
2017-10-22,16.02,16.02,Sunday
2017-10-23,16.02,16.02,Monday
2017-10-24,16.02,16.02,Tuesday
2017-10-25,16.02,16.02,Wednesday
2017-10-26,16.02,16.02,Thursday
2017-10-27,16.02,16.02,Friday
2017-10-28,16.02,16.02,Saturday
2017-10-29,16.02,16.02,Sunday
2017-10-30,16.02,16.02,Monday
2017-10-31,16.02,16.02,Tuesday
2017-11-01,16.02,16.02,Wednesday
2017-11-02,16.02,16.02,Thursday
2017-11-03,16.02,16.02,Friday
2017-11-04,16.02,16.02,Saturday
2017-11-05,16.02,16.02,Sunday
2017-11-06,16.02,16.02,Monday
2017-11-07,16.02,16.02,Tuesday
2017-11-08,16.02,16.02,Wednesday
2017-11-09,16.02,16.02,Thursday
2017-11-10,16.02,16.02,Friday
2017-11-11,16.02,16.02,Saturday
2017-11-12,16.02,16.02,Sunday
2017-11-13,16.02,16.02,Monday
2017-11-14,16.02,16.02,Tuesday
2017-11-15,16.02,16.02,Wednesday
2017-11-16,16.02,16.02,Thursday
2017-11-17,16.02,16.02,Friday
2017-11-18,16.02,16.02,Saturday
2017-11-19,16.02,16.02,Sunday
2017-11-20,16.02,16.02,Monday
2017-11-21,16.02,16.02,Tuesday
2017-11-22,16.02,16.02,Wednesday
2017-11-23,16.02,16.02,Thursday
2017-11-24,16.02,16.02,Friday
2017-11-25,16.02,16.02,Saturday
2017-11-26,16.02,16.02,Sunday
2017-11-27,16.02,16.02,Monday
2017-11-28,16.02,16.02,Tuesday
2017-11-29,16.02,16.02,Wednesday
2017-11-30,16.02,16.02,Thursday
2017-12-01,16.02,16.02,Friday
2017-12-02,16.02,16.02,Saturday
2017-12-03,16.02,16.02,Sunday
2017-12-04,16.02,16.02,Monday
2017-12-05,16.02,16.02,Tuesday
2017-12-06,16.02,16.02,Wednesday
2017-12-07,16.02,16.02,Thursday
2017-12-08,16.02,16.02,Friday
2017-12-09,16.02,16.02,Saturday
2017-12-10,16.02,16.02,Sunday
2017-12-11,16.02,16.02,Monday
2017-12-12,16.02,16.02,Tuesday
2017-12-13,16.02,16.02,Wednesday
2017-12-14,16.02,16.02,Thursday
2017-12-15,16.02,16.02,Friday
2017-12-16,16.02,16.02,Saturday
2017-12-17,16.02,16.02,Sunday
2017-12-18,16.02,16.02,Monday
2017-12-19,16.02,16.02,Tuesday
2017-12-20,16.02,16.02,Wednesday
2017-12-21,16.02,16.02,Thursday
2017-12-22,16.02,16.02,Friday
2017-12-23,16.02,16.02,Saturday
2017-12-24,16.02,16.02,Sunday
2017-12-25,16.02,16.02,Monday
2017-12-26,16.02,16.02,Tuesday
2017-12-27,16.02,16.02,Wednesday
2017-12-28,16.02,16.02,Thursday
2017-12-29,16.02,16.02,Friday
2017-12-30,3.0,14.16,Saturday
